working_df_idx,samplename,chunk_id,filepath,primary_label,secondary_labels,matches_primary,matches_secondary,top_class
1083,amekes-XC565193-5,5,/kaggle/input/birdclef-2025/train_audio/amekes/XC565193.ogg,amekes,[''],True,False,amekes
1450,anhing-XC150213-0,0,/kaggle/input/birdclef-2025/train_audio/anhing/XC150213.ogg,anhing,[''],True,False,anhing
1450,anhing-XC150213-2,2,/kaggle/input/birdclef-2025/train_audio/anhing/XC150213.ogg,anhing,[''],True,False,anhing
1462,anhing-XC409523-0,0,/kaggle/input/birdclef-2025/train_audio/anhing/XC409523.ogg,anhing,[''],True,False,anhing
1477,anhing-XC566856-0,0,/kaggle/input/birdclef-2025/train_audio/anhing/XC566856.ogg,anhing,[''],True,False,anhing
1484,anhing-XC689446-0,0,/kaggle/input/birdclef-2025/train_audio/anhing/XC689446.ogg,anhing,[''],True,False,anhing
1491,anhing-XC705561-0,0,/kaggle/input/birdclef-2025/train_audio/anhing/XC705561.ogg,anhing,[''],True,False,anhing
1491,anhing-XC705561-1,1,/kaggle/input/birdclef-2025/train_audio/anhing/XC705561.ogg,anhing,[''],True,False,anhing
1713,bafibi1-XC709781-0,0,/kaggle/input/birdclef-2025/train_audio/bafibi1/XC709781.ogg,bafibi1,['saffin'],False,True,saffin
1732,banana-XC116489-0,0,/kaggle/input/birdclef-2025/train_audio/banana/XC116489.ogg,banana,[''],True,False,banana
1742,banana-XC127222-0,0,/kaggle/input/birdclef-2025/train_audio/banana/XC127222.ogg,banana,[''],True,False,banana
1751,banana-XC149227-0,0,/kaggle/input/birdclef-2025/train_audio/banana/XC149227.ogg,banana,[''],True,False,banana
1751,banana-XC149227-2,2,/kaggle/input/birdclef-2025/train_audio/banana/XC149227.ogg,banana,[''],True,False,banana
1751,banana-XC149227-4,4,/kaggle/input/birdclef-2025/train_audio/banana/XC149227.ogg,banana,[''],True,False,banana
1756,banana-XC155797-0,0,/kaggle/input/birdclef-2025/train_audio/banana/XC155797.ogg,banana,[''],True,False,banana
1756,banana-XC155797-2,2,/kaggle/input/birdclef-2025/train_audio/banana/XC155797.ogg,banana,[''],True,False,banana
1757,banana-XC155808-0,0,/kaggle/input/birdclef-2025/train_audio/banana/XC155808.ogg,banana,['paltan1'],True,False,banana
1757,banana-XC155808-1,1,/kaggle/input/birdclef-2025/train_audio/banana/XC155808.ogg,banana,['paltan1'],True,False,banana
1762,banana-XC171001-0,0,/kaggle/input/birdclef-2025/train_audio/banana/XC171001.ogg,banana,[''],True,False,banana
1762,banana-XC171001-1,1,/kaggle/input/birdclef-2025/train_audio/banana/XC171001.ogg,banana,[''],True,False,banana
1764,banana-XC173391-12,12,/kaggle/input/birdclef-2025/train_audio/banana/XC173391.ogg,banana,[''],True,False,banana
1764,banana-XC173391-14,14,/kaggle/input/birdclef-2025/train_audio/banana/XC173391.ogg,banana,[''],True,False,banana
1765,banana-XC173431-1,1,/kaggle/input/birdclef-2025/train_audio/banana/XC173431.ogg,banana,[''],True,False,banana
1765,banana-XC173431-6,6,/kaggle/input/birdclef-2025/train_audio/banana/XC173431.ogg,banana,[''],True,False,banana
1769,banana-XC178621-6,6,/kaggle/input/birdclef-2025/train_audio/banana/XC178621.ogg,banana,[''],True,False,banana
1771,banana-XC180504-0,0,/kaggle/input/birdclef-2025/train_audio/banana/XC180504.ogg,banana,[''],True,False,banana
1771,banana-XC180504-1,1,/kaggle/input/birdclef-2025/train_audio/banana/XC180504.ogg,banana,[''],True,False,banana
1774,banana-XC188527-5,5,/kaggle/input/birdclef-2025/train_audio/banana/XC188527.ogg,banana,[''],True,False,banana
1774,banana-XC188527-6,6,/kaggle/input/birdclef-2025/train_audio/banana/XC188527.ogg,banana,[''],True,False,banana
1785,banana-XC197514-0,0,/kaggle/input/birdclef-2025/train_audio/banana/XC197514.ogg,banana,[''],True,False,banana
1785,banana-XC197514-1,1,/kaggle/input/birdclef-2025/train_audio/banana/XC197514.ogg,banana,[''],True,False,banana
1788,banana-XC202020-1,1,/kaggle/input/birdclef-2025/train_audio/banana/XC202020.ogg,banana,[''],True,False,banana
1788,banana-XC202020-5,5,/kaggle/input/birdclef-2025/train_audio/banana/XC202020.ogg,banana,[''],True,False,banana
1795,banana-XC213287-1,1,/kaggle/input/birdclef-2025/train_audio/banana/XC213287.ogg,banana,[''],True,False,banana
1795,banana-XC213287-2,2,/kaggle/input/birdclef-2025/train_audio/banana/XC213287.ogg,banana,[''],True,False,banana
1798,banana-XC213995-3,3,/kaggle/input/birdclef-2025/train_audio/banana/XC213995.ogg,banana,[''],True,False,banana
1798,banana-XC213995-4,4,/kaggle/input/birdclef-2025/train_audio/banana/XC213995.ogg,banana,[''],True,False,banana
1798,banana-XC213995-5,5,/kaggle/input/birdclef-2025/train_audio/banana/XC213995.ogg,banana,[''],True,False,banana
1798,banana-XC213995-6,6,/kaggle/input/birdclef-2025/train_audio/banana/XC213995.ogg,banana,[''],True,False,banana
1803,banana-XC214520-3,3,/kaggle/input/birdclef-2025/train_audio/banana/XC214520.ogg,banana,[''],True,False,banana
1804,banana-XC214521-24,24,/kaggle/input/birdclef-2025/train_audio/banana/XC214521.ogg,banana,[''],True,False,banana
1809,banana-XC214711-0,0,/kaggle/input/birdclef-2025/train_audio/banana/XC214711.ogg,banana,[''],True,False,banana
1809,banana-XC214711-2,2,/kaggle/input/birdclef-2025/train_audio/banana/XC214711.ogg,banana,[''],True,False,banana
1818,banana-XC234129-0,0,/kaggle/input/birdclef-2025/train_audio/banana/XC234129.ogg,banana,[''],True,False,banana
1818,banana-XC234129-1,1,/kaggle/input/birdclef-2025/train_audio/banana/XC234129.ogg,banana,[''],True,False,banana
1821,banana-XC242441-0,0,/kaggle/input/birdclef-2025/train_audio/banana/XC242441.ogg,banana,[''],True,False,banana
1835,banana-XC259502-2,2,/kaggle/input/birdclef-2025/train_audio/banana/XC259502.ogg,banana,[''],True,False,banana
1842,banana-XC269287-0,0,/kaggle/input/birdclef-2025/train_audio/banana/XC269287.ogg,banana,[''],True,False,banana
1842,banana-XC269287-1,1,/kaggle/input/birdclef-2025/train_audio/banana/XC269287.ogg,banana,[''],True,False,banana
1848,banana-XC283825-0,0,/kaggle/input/birdclef-2025/train_audio/banana/XC283825.ogg,banana,[''],True,False,banana
1848,banana-XC283825-2,2,/kaggle/input/birdclef-2025/train_audio/banana/XC283825.ogg,banana,[''],True,False,banana
1848,banana-XC283825-3,3,/kaggle/input/birdclef-2025/train_audio/banana/XC283825.ogg,banana,[''],True,False,banana
1851,banana-XC287776-7,7,/kaggle/input/birdclef-2025/train_audio/banana/XC287776.ogg,banana,[''],True,False,banana
1867,banana-XC316989-0,0,/kaggle/input/birdclef-2025/train_audio/banana/XC316989.ogg,banana,[''],True,False,banana
1867,banana-XC316989-2,2,/kaggle/input/birdclef-2025/train_audio/banana/XC316989.ogg,banana,[''],True,False,banana
1867,banana-XC316989-3,3,/kaggle/input/birdclef-2025/train_audio/banana/XC316989.ogg,banana,[''],True,False,banana
1868,banana-XC316990-0,0,/kaggle/input/birdclef-2025/train_audio/banana/XC316990.ogg,banana,[''],True,False,banana
1868,banana-XC316990-1,1,/kaggle/input/birdclef-2025/train_audio/banana/XC316990.ogg,banana,[''],True,False,banana
1868,banana-XC316990-3,3,/kaggle/input/birdclef-2025/train_audio/banana/XC316990.ogg,banana,[''],True,False,banana
1868,banana-XC316990-5,5,/kaggle/input/birdclef-2025/train_audio/banana/XC316990.ogg,banana,[''],True,False,banana
1868,banana-XC316990-7,7,/kaggle/input/birdclef-2025/train_audio/banana/XC316990.ogg,banana,[''],True,False,banana
1868,banana-XC316990-10,10,/kaggle/input/birdclef-2025/train_audio/banana/XC316990.ogg,banana,[''],True,False,banana
1869,banana-XC316991-3,3,/kaggle/input/birdclef-2025/train_audio/banana/XC316991.ogg,banana,[''],True,False,banana
1869,banana-XC316991-4,4,/kaggle/input/birdclef-2025/train_audio/banana/XC316991.ogg,banana,[''],True,False,banana
1869,banana-XC316991-7,7,/kaggle/input/birdclef-2025/train_audio/banana/XC316991.ogg,banana,[''],True,False,banana
1869,banana-XC316991-9,9,/kaggle/input/birdclef-2025/train_audio/banana/XC316991.ogg,banana,[''],True,False,banana
1873,banana-XC32051-1,1,/kaggle/input/birdclef-2025/train_audio/banana/XC32051.ogg,banana,[''],True,False,banana
1873,banana-XC32051-2,2,/kaggle/input/birdclef-2025/train_audio/banana/XC32051.ogg,banana,[''],True,False,banana
1873,banana-XC32051-3,3,/kaggle/input/birdclef-2025/train_audio/banana/XC32051.ogg,banana,[''],True,False,banana
1873,banana-XC32051-7,7,/kaggle/input/birdclef-2025/train_audio/banana/XC32051.ogg,banana,[''],True,False,banana
1883,banana-XC33682-2,2,/kaggle/input/birdclef-2025/train_audio/banana/XC33682.ogg,banana,[''],True,False,banana
1888,banana-XC347839-3,3,/kaggle/input/birdclef-2025/train_audio/banana/XC347839.ogg,banana,[''],True,False,banana
1891,banana-XC352977-9,9,/kaggle/input/birdclef-2025/train_audio/banana/XC352977.ogg,banana,"['trokin', 'grekis']",True,False,banana
1910,banana-XC388560-2,2,/kaggle/input/birdclef-2025/train_audio/banana/XC388560.ogg,banana,[''],True,False,banana
1914,banana-XC397320-3,3,/kaggle/input/birdclef-2025/train_audio/banana/XC397320.ogg,banana,[''],True,False,banana
1929,banana-XC421240-0,0,/kaggle/input/birdclef-2025/train_audio/banana/XC421240.ogg,banana,[''],True,False,banana
1929,banana-XC421240-1,1,/kaggle/input/birdclef-2025/train_audio/banana/XC421240.ogg,banana,[''],True,False,banana
1929,banana-XC421240-2,2,/kaggle/input/birdclef-2025/train_audio/banana/XC421240.ogg,banana,[''],True,False,banana
1932,banana-XC428283-1,1,/kaggle/input/birdclef-2025/train_audio/banana/XC428283.ogg,banana,[''],True,False,banana
1936,banana-XC4311-0,0,/kaggle/input/birdclef-2025/train_audio/banana/XC4311.ogg,banana,[''],True,False,banana
1939,banana-XC437586-0,0,/kaggle/input/birdclef-2025/train_audio/banana/XC437586.ogg,banana,[''],True,False,banana
1939,banana-XC437586-1,1,/kaggle/input/birdclef-2025/train_audio/banana/XC437586.ogg,banana,[''],True,False,banana
1943,banana-XC450975-2,2,/kaggle/input/birdclef-2025/train_audio/banana/XC450975.ogg,banana,[''],True,False,banana
1946,banana-XC460314-4,4,/kaggle/input/birdclef-2025/train_audio/banana/XC460314.ogg,banana,[''],True,False,banana
1948,banana-XC462887-10,10,/kaggle/input/birdclef-2025/train_audio/banana/XC462887.ogg,banana,['bugtan'],True,False,banana
1960,banana-XC479540-3,3,/kaggle/input/birdclef-2025/train_audio/banana/XC479540.ogg,banana,[''],True,False,banana
1961,banana-XC482815-0,0,/kaggle/input/birdclef-2025/train_audio/banana/XC482815.ogg,banana,[''],True,False,banana
1961,banana-XC482815-2,2,/kaggle/input/birdclef-2025/train_audio/banana/XC482815.ogg,banana,[''],True,False,banana
1961,banana-XC482815-3,3,/kaggle/input/birdclef-2025/train_audio/banana/XC482815.ogg,banana,[''],True,False,banana
1961,banana-XC482815-4,4,/kaggle/input/birdclef-2025/train_audio/banana/XC482815.ogg,banana,[''],True,False,banana
1968,banana-XC494058-0,0,/kaggle/input/birdclef-2025/train_audio/banana/XC494058.ogg,banana,[''],True,False,banana
1968,banana-XC494058-3,3,/kaggle/input/birdclef-2025/train_audio/banana/XC494058.ogg,banana,[''],True,False,banana
1979,banana-XC519809-15,15,/kaggle/input/birdclef-2025/train_audio/banana/XC519809.ogg,banana,[''],True,False,banana
1981,banana-XC520564-3,3,/kaggle/input/birdclef-2025/train_audio/banana/XC520564.ogg,banana,"['orcpar', 'saffin']",True,False,banana
1981,banana-XC520564-5,5,/kaggle/input/birdclef-2025/train_audio/banana/XC520564.ogg,banana,"['orcpar', 'saffin']",True,False,banana
1985,banana-XC520821-0,0,/kaggle/input/birdclef-2025/train_audio/banana/XC520821.ogg,banana,[''],True,False,banana
1986,banana-XC520822-1,1,/kaggle/input/birdclef-2025/train_audio/banana/XC520822.ogg,banana,[''],True,False,banana
1992,banana-XC523833-1,1,/kaggle/input/birdclef-2025/train_audio/banana/XC523833.ogg,banana,[''],True,False,banana
1999,banana-XC523840-2,2,/kaggle/input/birdclef-2025/train_audio/banana/XC523840.ogg,banana,[''],True,False,banana
2004,banana-XC524994-1,1,/kaggle/input/birdclef-2025/train_audio/banana/XC524994.ogg,banana,[''],True,False,banana
2009,banana-XC537263-0,0,/kaggle/input/birdclef-2025/train_audio/banana/XC537263.ogg,banana,[''],True,False,banana
2021,banana-XC571076-5,5,/kaggle/input/birdclef-2025/train_audio/banana/XC571076.ogg,banana,[''],True,False,banana
2048,banana-XC616607-1,1,/kaggle/input/birdclef-2025/train_audio/banana/XC616607.ogg,banana,[''],True,False,banana
2048,banana-XC616607-2,2,/kaggle/input/birdclef-2025/train_audio/banana/XC616607.ogg,banana,[''],True,False,banana
2051,banana-XC643168-0,0,/kaggle/input/birdclef-2025/train_audio/banana/XC643168.ogg,banana,[''],True,False,banana
2051,banana-XC643168-3,3,/kaggle/input/birdclef-2025/train_audio/banana/XC643168.ogg,banana,[''],True,False,banana
2051,banana-XC643168-4,4,/kaggle/input/birdclef-2025/train_audio/banana/XC643168.ogg,banana,[''],True,False,banana
2054,banana-XC653323-1,1,/kaggle/input/birdclef-2025/train_audio/banana/XC653323.ogg,banana,[''],True,False,banana
2056,banana-XC668347-2,2,/kaggle/input/birdclef-2025/train_audio/banana/XC668347.ogg,banana,[''],True,False,banana
2056,banana-XC668347-4,4,/kaggle/input/birdclef-2025/train_audio/banana/XC668347.ogg,banana,[''],True,False,banana
2056,banana-XC668347-5,5,/kaggle/input/birdclef-2025/train_audio/banana/XC668347.ogg,banana,[''],True,False,banana
2058,banana-XC673166-0,0,/kaggle/input/birdclef-2025/train_audio/banana/XC673166.ogg,banana,[''],True,False,banana
2058,banana-XC673166-1,1,/kaggle/input/birdclef-2025/train_audio/banana/XC673166.ogg,banana,[''],True,False,banana
2058,banana-XC673166-2,2,/kaggle/input/birdclef-2025/train_audio/banana/XC673166.ogg,banana,[''],True,False,banana
2060,banana-XC690553-2,2,/kaggle/input/birdclef-2025/train_audio/banana/XC690553.ogg,banana,['rtlhum'],True,False,banana
2065,banana-XC696962-0,0,/kaggle/input/birdclef-2025/train_audio/banana/XC696962.ogg,banana,[''],True,False,banana
2077,banana-XC722369-16,16,/kaggle/input/birdclef-2025/train_audio/banana/XC722369.ogg,banana,[''],True,False,banana
2078,banana-XC725276-1,1,/kaggle/input/birdclef-2025/train_audio/banana/XC725276.ogg,banana,[''],True,False,banana
2086,banana-XC745247-0,0,/kaggle/input/birdclef-2025/train_audio/banana/XC745247.ogg,banana,[''],True,False,banana
2089,banana-XC752863-0,0,/kaggle/input/birdclef-2025/train_audio/banana/XC752863.ogg,banana,[''],True,False,banana
2089,banana-XC752863-1,1,/kaggle/input/birdclef-2025/train_audio/banana/XC752863.ogg,banana,[''],True,False,banana
2094,banana-XC757619-0,0,/kaggle/input/birdclef-2025/train_audio/banana/XC757619.ogg,banana,[''],True,False,banana
2094,banana-XC757619-1,1,/kaggle/input/birdclef-2025/train_audio/banana/XC757619.ogg,banana,[''],True,False,banana
2094,banana-XC757619-4,4,/kaggle/input/birdclef-2025/train_audio/banana/XC757619.ogg,banana,[''],True,False,banana
2103,banana-XC782564-4,4,/kaggle/input/birdclef-2025/train_audio/banana/XC782564.ogg,banana,[''],True,False,banana
2105,banana-XC786317-0,0,/kaggle/input/birdclef-2025/train_audio/banana/XC786317.ogg,banana,[''],True,False,banana
2105,banana-XC786317-3,3,/kaggle/input/birdclef-2025/train_audio/banana/XC786317.ogg,banana,[''],True,False,banana
2105,banana-XC786317-5,5,/kaggle/input/birdclef-2025/train_audio/banana/XC786317.ogg,banana,[''],True,False,banana
2105,banana-XC786317-6,6,/kaggle/input/birdclef-2025/train_audio/banana/XC786317.ogg,banana,[''],True,False,banana
2105,banana-XC786317-7,7,/kaggle/input/birdclef-2025/train_audio/banana/XC786317.ogg,banana,[''],True,False,banana
2105,banana-XC786317-8,8,/kaggle/input/birdclef-2025/train_audio/banana/XC786317.ogg,banana,[''],True,False,banana
2109,banana-XC795744-0,0,/kaggle/input/birdclef-2025/train_audio/banana/XC795744.ogg,banana,[''],True,False,banana
2109,banana-XC795744-1,1,/kaggle/input/birdclef-2025/train_audio/banana/XC795744.ogg,banana,[''],True,False,banana
2109,banana-XC795744-2,2,/kaggle/input/birdclef-2025/train_audio/banana/XC795744.ogg,banana,[''],True,False,banana
2116,banana-XC811913-6,6,/kaggle/input/birdclef-2025/train_audio/banana/XC811913.ogg,banana,['rugdov'],True,False,banana
2118,banana-XC816850-2,2,/kaggle/input/birdclef-2025/train_audio/banana/XC816850.ogg,banana,[''],True,False,banana
2128,banana-XC838742-2,2,/kaggle/input/birdclef-2025/train_audio/banana/XC838742.ogg,banana,[''],True,False,banana
2129,banana-XC843257-1,1,/kaggle/input/birdclef-2025/train_audio/banana/XC843257.ogg,banana,[''],True,False,banana
2131,banana-XC844249-1,1,/kaggle/input/birdclef-2025/train_audio/banana/XC844249.ogg,banana,[''],True,False,banana
2132,banana-XC84472-0,0,/kaggle/input/birdclef-2025/train_audio/banana/XC84472.ogg,banana,['rutjac1'],True,False,banana
2136,banana-XC84476-1,1,/kaggle/input/birdclef-2025/train_audio/banana/XC84476.ogg,banana,[''],True,False,banana
2139,banana-XC84790-0,0,/kaggle/input/birdclef-2025/train_audio/banana/XC84790.ogg,banana,[''],True,False,banana
2139,banana-XC84790-1,1,/kaggle/input/birdclef-2025/train_audio/banana/XC84790.ogg,banana,[''],True,False,banana
2141,banana-XC860344-0,0,/kaggle/input/birdclef-2025/train_audio/banana/XC860344.ogg,banana,['saffin'],True,False,banana
2215,banana-iNat193227-0,0,/kaggle/input/birdclef-2025/train_audio/banana/iNat193227.ogg,banana,[''],True,False,banana
2258,banana-iNat396745-1,1,/kaggle/input/birdclef-2025/train_audio/banana/iNat396745.ogg,banana,[''],True,False,banana
2265,banana-iNat502581-0,0,/kaggle/input/birdclef-2025/train_audio/banana/iNat502581.ogg,banana,[''],True,False,banana
2265,banana-iNat502581-1,1,/kaggle/input/birdclef-2025/train_audio/banana/iNat502581.ogg,banana,[''],True,False,banana
2274,banana-iNat559014-2,2,/kaggle/input/birdclef-2025/train_audio/banana/iNat559014.ogg,banana,[''],True,False,banana
2284,banana-iNat578077-0,0,/kaggle/input/birdclef-2025/train_audio/banana/iNat578077.ogg,banana,[''],True,False,banana
2284,banana-iNat578077-1,1,/kaggle/input/birdclef-2025/train_audio/banana/iNat578077.ogg,banana,[''],True,False,banana
2288,banana-iNat599945-0,0,/kaggle/input/birdclef-2025/train_audio/banana/iNat599945.ogg,banana,[''],True,False,banana
2301,banana-iNat688425-2,2,/kaggle/input/birdclef-2025/train_audio/banana/iNat688425.ogg,banana,[''],True,False,banana
2329,banana-iNat950352-0,0,/kaggle/input/birdclef-2025/train_audio/banana/iNat950352.ogg,banana,[''],True,False,banana
2329,banana-iNat950352-1,1,/kaggle/input/birdclef-2025/train_audio/banana/iNat950352.ogg,banana,[''],True,False,banana
2373,baymac-XC318900-1,1,/kaggle/input/birdclef-2025/train_audio/baymac/XC318900.ogg,baymac,[''],True,False,baymac
2433,baymac-XC709775-2,2,/kaggle/input/birdclef-2025/train_audio/baymac/XC709775.ogg,baymac,['saffin'],False,True,saffin
2661,bbwduc-XC709794-0,0,/kaggle/input/birdclef-2025/train_audio/bbwduc/XC709794.ogg,bbwduc,"['eardov1', 'bafibi1', 'saffin']",False,True,saffin
3085,bkcdon-XC385160-0,0,/kaggle/input/birdclef-2025/train_audio/bkcdon/XC385160.ogg,bkcdon,[''],True,False,bkcdon
3103,bkcdon-XC456212-3,3,/kaggle/input/birdclef-2025/train_audio/bkcdon/XC456212.ogg,bkcdon,[''],True,False,bkcdon
3189,bkmtou1-XC117226-9,9,/kaggle/input/birdclef-2025/train_audio/bkmtou1/XC117226.ogg,bkmtou1,[''],True,False,bkmtou1
3190,bkmtou1-XC117227-8,8,/kaggle/input/birdclef-2025/train_audio/bkmtou1/XC117227.ogg,bkmtou1,[''],True,False,bkmtou1
3190,bkmtou1-XC117227-14,14,/kaggle/input/birdclef-2025/train_audio/bkmtou1/XC117227.ogg,bkmtou1,[''],True,False,bkmtou1
3234,bkmtou1-XC238974-3,3,/kaggle/input/birdclef-2025/train_audio/bkmtou1/XC238974.ogg,bkmtou1,[''],True,False,bkmtou1
3234,bkmtou1-XC238974-4,4,/kaggle/input/birdclef-2025/train_audio/bkmtou1/XC238974.ogg,bkmtou1,[''],True,False,bkmtou1
3305,bkmtou1-XC489620-0,0,/kaggle/input/birdclef-2025/train_audio/bkmtou1/XC489620.ogg,bkmtou1,[''],True,False,bkmtou1
3315,bkmtou1-XC518213-19,19,/kaggle/input/birdclef-2025/train_audio/bkmtou1/XC518213.ogg,bkmtou1,[''],True,False,bkmtou1
3492,blbgra1-XC120026-2,2,/kaggle/input/birdclef-2025/train_audio/blbgra1/XC120026.ogg,blbgra1,[''],True,False,blbgra1
3514,blbgra1-XC175013-1,1,/kaggle/input/birdclef-2025/train_audio/blbgra1/XC175013.ogg,blbgra1,"['smbani', 'grekis', 'bkcdon']",True,False,blbgra1
3523,blbgra1-XC201250-0,0,/kaggle/input/birdclef-2025/train_audio/blbgra1/XC201250.ogg,blbgra1,[''],True,False,blbgra1
3523,blbgra1-XC201250-1,1,/kaggle/input/birdclef-2025/train_audio/blbgra1/XC201250.ogg,blbgra1,[''],True,False,blbgra1
3535,blbgra1-XC243287-2,2,/kaggle/input/birdclef-2025/train_audio/blbgra1/XC243287.ogg,blbgra1,[''],True,False,blbgra1
3604,blbgra1-XC429395-5,5,/kaggle/input/birdclef-2025/train_audio/blbgra1/XC429395.ogg,blbgra1,[''],True,False,blbgra1
3633,blbgra1-XC503180-1,1,/kaggle/input/birdclef-2025/train_audio/blbgra1/XC503180.ogg,blbgra1,"['whtdov', 'trokin']",True,False,blbgra1
3728,blbgra1-XC789047-0,0,/kaggle/input/birdclef-2025/train_audio/blbgra1/XC789047.ogg,blbgra1,['whtdov'],True,False,blbgra1
4007,blcant4-XC245428-11,11,/kaggle/input/birdclef-2025/train_audio/blcant4/XC245428.ogg,blcant4,"['ywcpar', 'bubwre1', 'cregua1', 'tropar', 'banana', 'gohman1']",False,True,banana
4167,blcjay1-XC39100-0,0,/kaggle/input/birdclef-2025/train_audio/blcjay1/XC39100.ogg,blcjay1,[''],True,False,blcjay1
4255,blctit1-XC401347-1,1,/kaggle/input/birdclef-2025/train_audio/blctit1/XC401347.ogg,blctit1,[''],True,False,blctit1
4343,blhpar1-XC340439-1,1,/kaggle/input/birdclef-2025/train_audio/blhpar1/XC340439.ogg,blhpar1,[''],True,False,blhpar1
4474,blhpar1-XC85342-2,2,/kaggle/input/birdclef-2025/train_audio/blhpar1/XC85342.ogg,blhpar1,[''],True,False,blhpar1
4555,blkvul-XC587699-0,0,/kaggle/input/birdclef-2025/train_audio/blkvul/XC587699.ogg,blkvul,[''],True,False,blkvul
4555,blkvul-XC587699-5,5,/kaggle/input/birdclef-2025/train_audio/blkvul/XC587699.ogg,blkvul,[''],True,False,blkvul
4573,blkvul-iNat316609-3,3,/kaggle/input/birdclef-2025/train_audio/blkvul/iNat316609.ogg,blkvul,[''],True,False,blkvul
4674,bobfly1-XC29655-2,2,/kaggle/input/birdclef-2025/train_audio/bobfly1/XC29655.ogg,bobfly1,[''],True,False,bobfly1
4686,bobfly1-XC309752-2,2,/kaggle/input/birdclef-2025/train_audio/bobfly1/XC309752.ogg,bobfly1,[''],True,False,bobfly1
4693,bobfly1-XC325776-2,2,/kaggle/input/birdclef-2025/train_audio/bobfly1/XC325776.ogg,bobfly1,[''],True,False,bobfly1
4712,bobfly1-XC347869-6,6,/kaggle/input/birdclef-2025/train_audio/bobfly1/XC347869.ogg,bobfly1,[''],True,False,bobfly1
4817,bobfly1-XC57128-4,4,/kaggle/input/birdclef-2025/train_audio/bobfly1/XC57128.ogg,bobfly1,['orcpar'],True,False,bobfly1
5163,brtpar1-XC460014-2,2,/kaggle/input/birdclef-2025/train_audio/brtpar1/XC460014.ogg,brtpar1,"['socfly1', 'whtdov', 'thbeup1']",False,True,socfly1
5163,brtpar1-XC460014-9,9,/kaggle/input/birdclef-2025/train_audio/brtpar1/XC460014.ogg,brtpar1,"['socfly1', 'whtdov', 'thbeup1']",False,True,socfly1
5194,brtpar1-XC940061-0,0,/kaggle/input/birdclef-2025/train_audio/brtpar1/XC940061.ogg,brtpar1,[''],True,False,brtpar1
5465,bubwre1-XC538296-0,0,/kaggle/input/birdclef-2025/train_audio/bubwre1/XC538296.ogg,bubwre1,"['bobfly1', 'grekis']",False,True,grekis
5465,bubwre1-XC538296-1,1,/kaggle/input/birdclef-2025/train_audio/bubwre1/XC538296.ogg,bubwre1,"['bobfly1', 'grekis']",False,True,grekis
5627,bucmot3-XC46779-5,5,/kaggle/input/birdclef-2025/train_audio/bucmot3/XC46779.ogg,bucmot3,['compau'],False,True,compau
5627,bucmot3-XC46779-6,6,/kaggle/input/birdclef-2025/train_audio/bucmot3/XC46779.ogg,bucmot3,['compau'],False,True,compau
5627,bucmot3-XC46779-8,8,/kaggle/input/birdclef-2025/train_audio/bucmot3/XC46779.ogg,bucmot3,['compau'],False,True,compau
5657,bugtan-XC128392-2,2,/kaggle/input/birdclef-2025/train_audio/bugtan/XC128392.ogg,bugtan,[''],True,False,bugtan
5678,bugtan-XC198505-6,6,/kaggle/input/birdclef-2025/train_audio/bugtan/XC198505.ogg,bugtan,['thbeup1'],True,False,bugtan
5678,bugtan-XC198505-10,10,/kaggle/input/birdclef-2025/train_audio/bugtan/XC198505.ogg,bugtan,['thbeup1'],True,False,bugtan
5683,bugtan-XC202849-0,0,/kaggle/input/birdclef-2025/train_audio/bugtan/XC202849.ogg,bugtan,[''],True,False,bugtan
5683,bugtan-XC202849-1,1,/kaggle/input/birdclef-2025/train_audio/bugtan/XC202849.ogg,bugtan,[''],True,False,bugtan
5683,bugtan-XC202849-2,2,/kaggle/input/birdclef-2025/train_audio/bugtan/XC202849.ogg,bugtan,[''],True,False,bugtan
5683,bugtan-XC202849-3,3,/kaggle/input/birdclef-2025/train_audio/bugtan/XC202849.ogg,bugtan,[''],True,False,bugtan
5683,bugtan-XC202849-4,4,/kaggle/input/birdclef-2025/train_audio/bugtan/XC202849.ogg,bugtan,[''],True,False,bugtan
5725,bugtan-XC315080-2,2,/kaggle/input/birdclef-2025/train_audio/bugtan/XC315080.ogg,bugtan,[''],True,False,bugtan
5726,bugtan-XC316131-0,0,/kaggle/input/birdclef-2025/train_audio/bugtan/XC316131.ogg,bugtan,[''],True,False,bugtan
5726,bugtan-XC316131-1,1,/kaggle/input/birdclef-2025/train_audio/bugtan/XC316131.ogg,bugtan,[''],True,False,bugtan
5752,bugtan-XC421098-0,0,/kaggle/input/birdclef-2025/train_audio/bugtan/XC421098.ogg,bugtan,[''],True,False,bugtan
5755,bugtan-XC432832-2,2,/kaggle/input/birdclef-2025/train_audio/bugtan/XC432832.ogg,bugtan,[''],True,False,bugtan
5763,bugtan-XC450785-8,8,/kaggle/input/birdclef-2025/train_audio/bugtan/XC450785.ogg,bugtan,[''],True,False,bugtan
5783,bugtan-XC541886-0,0,/kaggle/input/birdclef-2025/train_audio/bugtan/XC541886.ogg,bugtan,[''],True,False,bugtan
5783,bugtan-XC541886-4,4,/kaggle/input/birdclef-2025/train_audio/bugtan/XC541886.ogg,bugtan,[''],True,False,bugtan
5796,bugtan-XC65965-3,3,/kaggle/input/birdclef-2025/train_audio/bugtan/XC65965.ogg,bugtan,"['ywcpar', 'whtdov']",True,False,bugtan
5836,bugtan-XC905403-0,0,/kaggle/input/birdclef-2025/train_audio/bugtan/XC905403.ogg,bugtan,[''],True,False,bugtan
5843,bugtan-XC946265-0,0,/kaggle/input/birdclef-2025/train_audio/bugtan/XC946265.ogg,bugtan,[''],True,False,bugtan
5845,bugtan-XC946267-1,1,/kaggle/input/birdclef-2025/train_audio/bugtan/XC946267.ogg,bugtan,[''],True,False,bugtan
5904,bugtan-iNat51282-0,0,/kaggle/input/birdclef-2025/train_audio/bugtan/iNat51282.ogg,bugtan,[''],True,False,bugtan
5904,bugtan-iNat51282-1,1,/kaggle/input/birdclef-2025/train_audio/bugtan/iNat51282.ogg,bugtan,[''],True,False,bugtan
5904,bugtan-iNat51282-2,2,/kaggle/input/birdclef-2025/train_audio/bugtan/iNat51282.ogg,bugtan,[''],True,False,bugtan
5928,bugtan-iNat79374-0,0,/kaggle/input/birdclef-2025/train_audio/bugtan/iNat79374.ogg,bugtan,[''],True,False,bugtan
5928,bugtan-iNat79374-1,1,/kaggle/input/birdclef-2025/train_audio/bugtan/iNat79374.ogg,bugtan,[''],True,False,bugtan
6043,butsal1-XC325676-5,5,/kaggle/input/birdclef-2025/train_audio/butsal1/XC325676.ogg,butsal1,[''],True,False,butsal1
6260,cargra1-XC418798-9,9,/kaggle/input/birdclef-2025/train_audio/cargra1/XC418798.ogg,cargra1,[''],True,False,cargra1
6297,cargra1-iNat1276958-0,0,/kaggle/input/birdclef-2025/train_audio/cargra1/iNat1276958.ogg,cargra1,[''],True,False,cargra1
6339,cattyr-XC221040-0,0,/kaggle/input/birdclef-2025/train_audio/cattyr/XC221040.ogg,cattyr,[''],True,False,cattyr
6339,cattyr-XC221040-1,1,/kaggle/input/birdclef-2025/train_audio/cattyr/XC221040.ogg,cattyr,[''],True,False,cattyr
6341,cattyr-XC225321-2,2,/kaggle/input/birdclef-2025/train_audio/cattyr/XC225321.ogg,cattyr,[''],True,False,cattyr
6342,cattyr-XC245514-0,0,/kaggle/input/birdclef-2025/train_audio/cattyr/XC245514.ogg,cattyr,"['pirfly1', 'yercac1', 'grekis']",False,True,grekis
6397,cattyr-XC705477-30,30,/kaggle/input/birdclef-2025/train_audio/cattyr/XC705477.ogg,cattyr,"['strcuc1', 'grekis', 'gycwor1']",False,True,grekis
6397,cattyr-XC705477-31,31,/kaggle/input/birdclef-2025/train_audio/cattyr/XC705477.ogg,cattyr,"['strcuc1', 'grekis', 'gycwor1']",False,True,grekis
6402,cattyr-XC708822-21,21,/kaggle/input/birdclef-2025/train_audio/cattyr/XC708822.ogg,cattyr,"['bobfly1', 'creoro1', 'whtdov', 'yercac1', 'pavpig2', 'baymac']",False,True,creoro1
6435,cattyr-iNat879198-0,0,/kaggle/input/birdclef-2025/train_audio/cattyr/iNat879198.ogg,cattyr,[''],True,False,cattyr
6435,cattyr-iNat879198-3,3,/kaggle/input/birdclef-2025/train_audio/cattyr/iNat879198.ogg,cattyr,[''],True,False,cattyr
6749,chfmac1-XC260387-0,0,/kaggle/input/birdclef-2025/train_audio/chfmac1/XC260387.ogg,chfmac1,[''],True,False,chfmac1
6749,chfmac1-XC260387-1,1,/kaggle/input/birdclef-2025/train_audio/chfmac1/XC260387.ogg,chfmac1,[''],True,False,chfmac1
6839,chfmac1-iNat637226-0,0,/kaggle/input/birdclef-2025/train_audio/chfmac1/iNat637226.ogg,chfmac1,[''],True,False,chfmac1
6839,chfmac1-iNat637226-2,2,/kaggle/input/birdclef-2025/train_audio/chfmac1/iNat637226.ogg,chfmac1,[''],True,False,chfmac1
6887,cinbec1-XC414909-4,4,/kaggle/input/birdclef-2025/train_audio/cinbec1/XC414909.ogg,cinbec1,[''],True,False,cinbec1
7050,cocwoo1-XC544058-0,0,/kaggle/input/birdclef-2025/train_audio/cocwoo1/XC544058.ogg,cocwoo1,"['cregua1', 'whtdov', 'bkmtou1']",True,False,cocwoo1
7177,colcha1-XC158213-6,6,/kaggle/input/birdclef-2025/train_audio/colcha1/XC158213.ogg,colcha1,[''],True,False,colcha1
7177,colcha1-XC158213-8,8,/kaggle/input/birdclef-2025/train_audio/colcha1/XC158213.ogg,colcha1,[''],True,False,colcha1
7195,colcha1-XC353889-3,3,/kaggle/input/birdclef-2025/train_audio/colcha1/XC353889.ogg,colcha1,[''],True,False,colcha1
7196,colcha1-XC353890-4,4,/kaggle/input/birdclef-2025/train_audio/colcha1/XC353890.ogg,colcha1,[''],True,False,colcha1
7331,compau-XC123149-7,7,/kaggle/input/birdclef-2025/train_audio/compau/XC123149.ogg,compau,[''],True,False,compau
7487,compau-XC352298-3,3,/kaggle/input/birdclef-2025/train_audio/compau/XC352298.ogg,compau,[''],True,False,compau
7487,compau-XC352298-5,5,/kaggle/input/birdclef-2025/train_audio/compau/XC352298.ogg,compau,[''],True,False,compau
7503,compau-XC387885-1,1,/kaggle/input/birdclef-2025/train_audio/compau/XC387885.ogg,compau,[''],True,False,compau
7503,compau-XC387885-3,3,/kaggle/input/birdclef-2025/train_audio/compau/XC387885.ogg,compau,[''],True,False,compau
7582,compau-XC525622-1,1,/kaggle/input/birdclef-2025/train_audio/compau/XC525622.ogg,compau,[''],True,False,compau
7585,compau-XC525625-0,0,/kaggle/input/birdclef-2025/train_audio/compau/XC525625.ogg,compau,[''],True,False,compau
7585,compau-XC525625-1,1,/kaggle/input/birdclef-2025/train_audio/compau/XC525625.ogg,compau,[''],True,False,compau
7585,compau-XC525625-4,4,/kaggle/input/birdclef-2025/train_audio/compau/XC525625.ogg,compau,[''],True,False,compau
7585,compau-XC525625-5,5,/kaggle/input/birdclef-2025/train_audio/compau/XC525625.ogg,compau,[''],True,False,compau
7585,compau-XC525625-9,9,/kaggle/input/birdclef-2025/train_audio/compau/XC525625.ogg,compau,[''],True,False,compau
7585,compau-XC525625-10,10,/kaggle/input/birdclef-2025/train_audio/compau/XC525625.ogg,compau,[''],True,False,compau
7711,compau-XC861506-13,13,/kaggle/input/birdclef-2025/train_audio/compau/XC861506.ogg,compau,[''],True,False,compau
7711,compau-XC861506-14,14,/kaggle/input/birdclef-2025/train_audio/compau/XC861506.ogg,compau,[''],True,False,compau
7793,compau-iNat1227362-1,1,/kaggle/input/birdclef-2025/train_audio/compau/iNat1227362.ogg,compau,[''],True,False,compau
8146,compot1-XC186859-0,0,/kaggle/input/birdclef-2025/train_audio/compot1/XC186859.ogg,compot1,[''],True,False,compot1
8153,compot1-XC232649-7,7,/kaggle/input/birdclef-2025/train_audio/compot1/XC232649.ogg,compot1,['compau'],False,True,compau
8175,compot1-XC343027-0,0,/kaggle/input/birdclef-2025/train_audio/compot1/XC343027.ogg,compot1,[''],True,False,compot1
8175,compot1-XC343027-2,2,/kaggle/input/birdclef-2025/train_audio/compot1/XC343027.ogg,compot1,[''],True,False,compot1
8183,compot1-XC365172-0,0,/kaggle/input/birdclef-2025/train_audio/compot1/XC365172.ogg,compot1,[''],True,False,compot1
8189,compot1-XC393360-0,0,/kaggle/input/birdclef-2025/train_audio/compot1/XC393360.ogg,compot1,[''],True,False,compot1
8190,compot1-XC415537-0,0,/kaggle/input/birdclef-2025/train_audio/compot1/XC415537.ogg,compot1,[''],True,False,compot1
8198,compot1-XC452470-0,0,/kaggle/input/birdclef-2025/train_audio/compot1/XC452470.ogg,compot1,[''],True,False,compot1
8250,compot1-XC613978-1,1,/kaggle/input/birdclef-2025/train_audio/compot1/XC613978.ogg,compot1,[''],True,False,compot1
8250,compot1-XC613978-7,7,/kaggle/input/birdclef-2025/train_audio/compot1/XC613978.ogg,compot1,[''],True,False,compot1
8250,compot1-XC613978-9,9,/kaggle/input/birdclef-2025/train_audio/compot1/XC613978.ogg,compot1,[''],True,False,compot1
8269,compot1-XC73978-0,0,/kaggle/input/birdclef-2025/train_audio/compot1/XC73978.ogg,compot1,[''],True,False,compot1
8269,compot1-XC73978-3,3,/kaggle/input/birdclef-2025/train_audio/compot1/XC73978.ogg,compot1,[''],True,False,compot1
8269,compot1-XC73978-6,6,/kaggle/input/birdclef-2025/train_audio/compot1/XC73978.ogg,compot1,[''],True,False,compot1
8785,crbtan1-XC32224-0,0,/kaggle/input/birdclef-2025/train_audio/crbtan1/XC32224.ogg,crbtan1,['banana'],False,True,banana
8838,crcwoo1-XC130736-46,46,/kaggle/input/birdclef-2025/train_audio/crcwoo1/XC130736.ogg,crcwoo1,[''],True,False,crcwoo1
8951,crcwoo1-XC838073-0,0,/kaggle/input/birdclef-2025/train_audio/crcwoo1/XC838073.ogg,crcwoo1,[''],True,False,crcwoo1
9041,cregua1-XC245430-2,2,/kaggle/input/birdclef-2025/train_audio/cregua1/XC245430.ogg,cregua1,['creoro1'],False,True,creoro1
9041,cregua1-XC245430-4,4,/kaggle/input/birdclef-2025/train_audio/cregua1/XC245430.ogg,cregua1,['creoro1'],True,False,cregua1
9102,creoro1-XC122317-3,3,/kaggle/input/birdclef-2025/train_audio/creoro1/XC122317.ogg,creoro1,[''],True,False,creoro1
9103,creoro1-XC122330-0,0,/kaggle/input/birdclef-2025/train_audio/creoro1/XC122330.ogg,creoro1,[''],True,False,creoro1
9103,creoro1-XC122330-1,1,/kaggle/input/birdclef-2025/train_audio/creoro1/XC122330.ogg,creoro1,[''],True,False,creoro1
9103,creoro1-XC122330-4,4,/kaggle/input/birdclef-2025/train_audio/creoro1/XC122330.ogg,creoro1,[''],True,False,creoro1
9103,creoro1-XC122330-5,5,/kaggle/input/birdclef-2025/train_audio/creoro1/XC122330.ogg,creoro1,[''],True,False,creoro1
9103,creoro1-XC122330-10,10,/kaggle/input/birdclef-2025/train_audio/creoro1/XC122330.ogg,creoro1,[''],True,False,creoro1
9104,creoro1-XC122594-2,2,/kaggle/input/birdclef-2025/train_audio/creoro1/XC122594.ogg,creoro1,[''],True,False,creoro1
9105,creoro1-XC122595-3,3,/kaggle/input/birdclef-2025/train_audio/creoro1/XC122595.ogg,creoro1,[''],True,False,creoro1
9109,creoro1-XC128953-0,0,/kaggle/input/birdclef-2025/train_audio/creoro1/XC128953.ogg,creoro1,[''],True,False,creoro1
9112,creoro1-XC144446-0,0,/kaggle/input/birdclef-2025/train_audio/creoro1/XC144446.ogg,creoro1,[''],True,False,creoro1
9113,creoro1-XC148324-0,0,/kaggle/input/birdclef-2025/train_audio/creoro1/XC148324.ogg,creoro1,[''],True,False,creoro1
9113,creoro1-XC148324-3,3,/kaggle/input/birdclef-2025/train_audio/creoro1/XC148324.ogg,creoro1,[''],True,False,creoro1
9122,creoro1-XC197549-0,0,/kaggle/input/birdclef-2025/train_audio/creoro1/XC197549.ogg,creoro1,[''],True,False,creoro1
9125,creoro1-XC212837-0,0,/kaggle/input/birdclef-2025/train_audio/creoro1/XC212837.ogg,creoro1,[''],True,False,creoro1
9127,creoro1-XC212839-0,0,/kaggle/input/birdclef-2025/train_audio/creoro1/XC212839.ogg,creoro1,[''],True,False,creoro1
9127,creoro1-XC212839-4,4,/kaggle/input/birdclef-2025/train_audio/creoro1/XC212839.ogg,creoro1,[''],True,False,creoro1
9129,creoro1-XC2198-0,0,/kaggle/input/birdclef-2025/train_audio/creoro1/XC2198.ogg,creoro1,['whtdov'],True,False,creoro1
9130,creoro1-XC234315-0,0,/kaggle/input/birdclef-2025/train_audio/creoro1/XC234315.ogg,creoro1,[''],True,False,creoro1
9130,creoro1-XC234315-2,2,/kaggle/input/birdclef-2025/train_audio/creoro1/XC234315.ogg,creoro1,[''],True,False,creoro1
9130,creoro1-XC234315-3,3,/kaggle/input/birdclef-2025/train_audio/creoro1/XC234315.ogg,creoro1,[''],True,False,creoro1
9130,creoro1-XC234315-4,4,/kaggle/input/birdclef-2025/train_audio/creoro1/XC234315.ogg,creoro1,[''],True,False,creoro1
9131,creoro1-XC236074-2,2,/kaggle/input/birdclef-2025/train_audio/creoro1/XC236074.ogg,creoro1,[''],True,False,creoro1
9131,creoro1-XC236074-3,3,/kaggle/input/birdclef-2025/train_audio/creoro1/XC236074.ogg,creoro1,[''],True,False,creoro1
9134,creoro1-XC2376-1,1,/kaggle/input/birdclef-2025/train_audio/creoro1/XC2376.ogg,creoro1,[''],True,False,creoro1
9134,creoro1-XC2376-4,4,/kaggle/input/birdclef-2025/train_audio/creoro1/XC2376.ogg,creoro1,[''],True,False,creoro1
9138,creoro1-XC245236-0,0,/kaggle/input/birdclef-2025/train_audio/creoro1/XC245236.ogg,creoro1,[''],True,False,creoro1
9138,creoro1-XC245236-3,3,/kaggle/input/birdclef-2025/train_audio/creoro1/XC245236.ogg,creoro1,[''],True,False,creoro1
9138,creoro1-XC245236-5,5,/kaggle/input/birdclef-2025/train_audio/creoro1/XC245236.ogg,creoro1,[''],True,False,creoro1
9138,creoro1-XC245236-7,7,/kaggle/input/birdclef-2025/train_audio/creoro1/XC245236.ogg,creoro1,[''],True,False,creoro1
9138,creoro1-XC245236-9,9,/kaggle/input/birdclef-2025/train_audio/creoro1/XC245236.ogg,creoro1,[''],True,False,creoro1
9138,creoro1-XC245236-10,10,/kaggle/input/birdclef-2025/train_audio/creoro1/XC245236.ogg,creoro1,[''],True,False,creoro1
9139,creoro1-XC245385-0,0,/kaggle/input/birdclef-2025/train_audio/creoro1/XC245385.ogg,creoro1,[''],True,False,creoro1
9139,creoro1-XC245385-2,2,/kaggle/input/birdclef-2025/train_audio/creoro1/XC245385.ogg,creoro1,[''],True,False,creoro1
9139,creoro1-XC245385-4,4,/kaggle/input/birdclef-2025/train_audio/creoro1/XC245385.ogg,creoro1,[''],True,False,creoro1
9139,creoro1-XC245385-5,5,/kaggle/input/birdclef-2025/train_audio/creoro1/XC245385.ogg,creoro1,[''],True,False,creoro1
9139,creoro1-XC245385-6,6,/kaggle/input/birdclef-2025/train_audio/creoro1/XC245385.ogg,creoro1,[''],True,False,creoro1
9139,creoro1-XC245385-11,11,/kaggle/input/birdclef-2025/train_audio/creoro1/XC245385.ogg,creoro1,[''],True,False,creoro1
9141,creoro1-XC255550-1,1,/kaggle/input/birdclef-2025/train_audio/creoro1/XC255550.ogg,creoro1,[''],True,False,creoro1
9142,creoro1-XC255551-0,0,/kaggle/input/birdclef-2025/train_audio/creoro1/XC255551.ogg,creoro1,[''],True,False,creoro1
9144,creoro1-XC255553-0,0,/kaggle/input/birdclef-2025/train_audio/creoro1/XC255553.ogg,creoro1,[''],True,False,creoro1
9144,creoro1-XC255553-1,1,/kaggle/input/birdclef-2025/train_audio/creoro1/XC255553.ogg,creoro1,[''],True,False,creoro1
9144,creoro1-XC255553-3,3,/kaggle/input/birdclef-2025/train_audio/creoro1/XC255553.ogg,creoro1,[''],True,False,creoro1
9146,creoro1-XC259989-0,0,/kaggle/input/birdclef-2025/train_audio/creoro1/XC259989.ogg,creoro1,[''],True,False,creoro1
9151,creoro1-XC267908-0,0,/kaggle/input/birdclef-2025/train_audio/creoro1/XC267908.ogg,creoro1,[''],True,False,creoro1
9158,creoro1-XC299646-0,0,/kaggle/input/birdclef-2025/train_audio/creoro1/XC299646.ogg,creoro1,[''],True,False,creoro1
9162,creoro1-XC348809-0,0,/kaggle/input/birdclef-2025/train_audio/creoro1/XC348809.ogg,creoro1,[''],True,False,creoro1
9165,creoro1-XC353316-4,4,/kaggle/input/birdclef-2025/train_audio/creoro1/XC353316.ogg,creoro1,[''],True,False,creoro1
9165,creoro1-XC353316-6,6,/kaggle/input/birdclef-2025/train_audio/creoro1/XC353316.ogg,creoro1,[''],True,False,creoro1
9173,creoro1-XC386682-1,1,/kaggle/input/birdclef-2025/train_audio/creoro1/XC386682.ogg,creoro1,[''],True,False,creoro1
9177,creoro1-XC389345-1,1,/kaggle/input/birdclef-2025/train_audio/creoro1/XC389345.ogg,creoro1,[''],True,False,creoro1
9177,creoro1-XC389345-2,2,/kaggle/input/birdclef-2025/train_audio/creoro1/XC389345.ogg,creoro1,[''],True,False,creoro1
9177,creoro1-XC389345-5,5,/kaggle/input/birdclef-2025/train_audio/creoro1/XC389345.ogg,creoro1,[''],True,False,creoro1
9181,creoro1-XC402054-0,0,/kaggle/input/birdclef-2025/train_audio/creoro1/XC402054.ogg,creoro1,[''],True,False,creoro1
9187,creoro1-XC427851-0,0,/kaggle/input/birdclef-2025/train_audio/creoro1/XC427851.ogg,creoro1,[''],True,False,creoro1
9187,creoro1-XC427851-1,1,/kaggle/input/birdclef-2025/train_audio/creoro1/XC427851.ogg,creoro1,[''],True,False,creoro1
9187,creoro1-XC427851-2,2,/kaggle/input/birdclef-2025/train_audio/creoro1/XC427851.ogg,creoro1,[''],True,False,creoro1
9191,creoro1-XC437241-0,0,/kaggle/input/birdclef-2025/train_audio/creoro1/XC437241.ogg,creoro1,"['yercac1', 'grekis']",False,True,yercac1
9191,creoro1-XC437241-1,1,/kaggle/input/birdclef-2025/train_audio/creoro1/XC437241.ogg,creoro1,"['yercac1', 'grekis']",False,True,yercac1
9195,creoro1-XC443127-0,0,/kaggle/input/birdclef-2025/train_audio/creoro1/XC443127.ogg,creoro1,[''],True,False,creoro1
9202,creoro1-XC462236-0,0,/kaggle/input/birdclef-2025/train_audio/creoro1/XC462236.ogg,creoro1,['banana'],True,False,creoro1
9203,creoro1-XC466080-1,1,/kaggle/input/birdclef-2025/train_audio/creoro1/XC466080.ogg,creoro1,[''],True,False,creoro1
9207,creoro1-XC47999-0,0,/kaggle/input/birdclef-2025/train_audio/creoro1/XC47999.ogg,creoro1,[''],True,False,creoro1
9207,creoro1-XC47999-1,1,/kaggle/input/birdclef-2025/train_audio/creoro1/XC47999.ogg,creoro1,[''],True,False,creoro1
9207,creoro1-XC47999-2,2,/kaggle/input/birdclef-2025/train_audio/creoro1/XC47999.ogg,creoro1,[''],True,False,creoro1
9207,creoro1-XC47999-3,3,/kaggle/input/birdclef-2025/train_audio/creoro1/XC47999.ogg,creoro1,[''],True,False,creoro1
9207,creoro1-XC47999-4,4,/kaggle/input/birdclef-2025/train_audio/creoro1/XC47999.ogg,creoro1,[''],True,False,creoro1
9216,creoro1-XC494610-0,0,/kaggle/input/birdclef-2025/train_audio/creoro1/XC494610.ogg,creoro1,[''],True,False,creoro1
9218,creoro1-XC511504-0,0,/kaggle/input/birdclef-2025/train_audio/creoro1/XC511504.ogg,creoro1,[''],True,False,creoro1
9218,creoro1-XC511504-1,1,/kaggle/input/birdclef-2025/train_audio/creoro1/XC511504.ogg,creoro1,[''],True,False,creoro1
9223,creoro1-XC524058-0,0,/kaggle/input/birdclef-2025/train_audio/creoro1/XC524058.ogg,creoro1,[''],True,False,creoro1
9223,creoro1-XC524058-2,2,/kaggle/input/birdclef-2025/train_audio/creoro1/XC524058.ogg,creoro1,[''],True,False,creoro1
9223,creoro1-XC524058-3,3,/kaggle/input/birdclef-2025/train_audio/creoro1/XC524058.ogg,creoro1,[''],True,False,creoro1
9226,creoro1-XC538013-0,0,/kaggle/input/birdclef-2025/train_audio/creoro1/XC538013.ogg,creoro1,[''],True,False,creoro1
9226,creoro1-XC538013-2,2,/kaggle/input/birdclef-2025/train_audio/creoro1/XC538013.ogg,creoro1,[''],True,False,creoro1
9227,creoro1-XC538014-0,0,/kaggle/input/birdclef-2025/train_audio/creoro1/XC538014.ogg,creoro1,[''],True,False,creoro1
9233,creoro1-XC556100-0,0,/kaggle/input/birdclef-2025/train_audio/creoro1/XC556100.ogg,creoro1,[''],True,False,creoro1
9235,creoro1-XC569182-0,0,/kaggle/input/birdclef-2025/train_audio/creoro1/XC569182.ogg,creoro1,[''],True,False,creoro1
9243,creoro1-XC57159-3,3,/kaggle/input/birdclef-2025/train_audio/creoro1/XC57159.ogg,creoro1,[''],True,False,creoro1
9246,creoro1-XC573798-0,0,/kaggle/input/birdclef-2025/train_audio/creoro1/XC573798.ogg,creoro1,[''],True,False,creoro1
9248,creoro1-XC595879-0,0,/kaggle/input/birdclef-2025/train_audio/creoro1/XC595879.ogg,creoro1,[''],True,False,creoro1
9251,creoro1-XC664400-7,7,/kaggle/input/birdclef-2025/train_audio/creoro1/XC664400.ogg,creoro1,[''],True,False,creoro1
9253,creoro1-XC706300-7,7,/kaggle/input/birdclef-2025/train_audio/creoro1/XC706300.ogg,creoro1,"['strcuc1', 'yercac1', 'grekis']",True,False,creoro1
9256,creoro1-XC706315-2,2,/kaggle/input/birdclef-2025/train_audio/creoro1/XC706315.ogg,creoro1,"['greani1', 'stbwoo2']",True,False,creoro1
9256,creoro1-XC706315-34,34,/kaggle/input/birdclef-2025/train_audio/creoro1/XC706315.ogg,creoro1,"['greani1', 'stbwoo2']",True,False,creoro1
9257,creoro1-XC706321-10,10,/kaggle/input/birdclef-2025/train_audio/creoro1/XC706321.ogg,creoro1,"['pirfly1', 'labter1']",True,False,creoro1
9258,creoro1-XC706322-0,0,/kaggle/input/birdclef-2025/train_audio/creoro1/XC706322.ogg,creoro1,[''],True,False,creoro1
9258,creoro1-XC706322-3,3,/kaggle/input/birdclef-2025/train_audio/creoro1/XC706322.ogg,creoro1,[''],True,False,creoro1
9261,creoro1-XC706335-10,10,/kaggle/input/birdclef-2025/train_audio/creoro1/XC706335.ogg,creoro1,['blhpar1'],True,False,creoro1
9261,creoro1-XC706335-16,16,/kaggle/input/birdclef-2025/train_audio/creoro1/XC706335.ogg,creoro1,['blhpar1'],True,False,creoro1
9264,creoro1-XC744946-0,0,/kaggle/input/birdclef-2025/train_audio/creoro1/XC744946.ogg,creoro1,[''],True,False,creoro1
9271,creoro1-XC812354-0,0,/kaggle/input/birdclef-2025/train_audio/creoro1/XC812354.ogg,creoro1,[''],True,False,creoro1
9274,creoro1-XC817267-1,1,/kaggle/input/birdclef-2025/train_audio/creoro1/XC817267.ogg,creoro1,[''],True,False,creoro1
9277,creoro1-XC84632-0,0,/kaggle/input/birdclef-2025/train_audio/creoro1/XC84632.ogg,creoro1,['whbman1'],True,False,creoro1
9277,creoro1-XC84632-2,2,/kaggle/input/birdclef-2025/train_audio/creoro1/XC84632.ogg,creoro1,['whbman1'],True,False,creoro1
9277,creoro1-XC84632-3,3,/kaggle/input/birdclef-2025/train_audio/creoro1/XC84632.ogg,creoro1,['whbman1'],True,False,creoro1
9285,creoro1-XC912194-0,0,/kaggle/input/birdclef-2025/train_audio/creoro1/XC912194.ogg,creoro1,[''],True,False,creoro1
9294,creoro1-iNat273560-1,1,/kaggle/input/birdclef-2025/train_audio/creoro1/iNat273560.ogg,creoro1,[''],True,False,creoro1
9295,creoro1-iNat30509-0,0,/kaggle/input/birdclef-2025/train_audio/creoro1/iNat30509.ogg,creoro1,[''],True,False,creoro1
9297,creoro1-iNat31906-0,0,/kaggle/input/birdclef-2025/train_audio/creoro1/iNat31906.ogg,creoro1,[''],True,False,creoro1
9297,creoro1-iNat31906-1,1,/kaggle/input/birdclef-2025/train_audio/creoro1/iNat31906.ogg,creoro1,[''],True,False,creoro1
9305,creoro1-iNat494362-0,0,/kaggle/input/birdclef-2025/train_audio/creoro1/iNat494362.ogg,creoro1,[''],True,False,creoro1
9305,creoro1-iNat494362-2,2,/kaggle/input/birdclef-2025/train_audio/creoro1/iNat494362.ogg,creoro1,[''],True,False,creoro1
9305,creoro1-iNat494362-3,3,/kaggle/input/birdclef-2025/train_audio/creoro1/iNat494362.ogg,creoro1,[''],True,False,creoro1
9305,creoro1-iNat494362-4,4,/kaggle/input/birdclef-2025/train_audio/creoro1/iNat494362.ogg,creoro1,[''],True,False,creoro1
9306,creoro1-iNat51067-5,5,/kaggle/input/birdclef-2025/train_audio/creoro1/iNat51067.ogg,creoro1,[''],True,False,creoro1
9312,creoro1-iNat581620-7,7,/kaggle/input/birdclef-2025/train_audio/creoro1/iNat581620.ogg,creoro1,[''],True,False,creoro1
9313,creoro1-iNat595275-1,1,/kaggle/input/birdclef-2025/train_audio/creoro1/iNat595275.ogg,creoro1,[''],True,False,creoro1
9316,creoro1-iNat753120-0,0,/kaggle/input/birdclef-2025/train_audio/creoro1/iNat753120.ogg,creoro1,[''],True,False,creoro1
9750,grbhaw1-XC245454-1,1,/kaggle/input/birdclef-2025/train_audio/grbhaw1/XC245454.ogg,grbhaw1,[''],True,False,grbhaw1
9750,grbhaw1-XC245454-11,11,/kaggle/input/birdclef-2025/train_audio/grbhaw1/XC245454.ogg,grbhaw1,[''],True,False,grbhaw1
9751,grbhaw1-XC245472-5,5,/kaggle/input/birdclef-2025/train_audio/grbhaw1/XC245472.ogg,grbhaw1,[''],True,False,grbhaw1
9757,grbhaw1-XC288554-8,8,/kaggle/input/birdclef-2025/train_audio/grbhaw1/XC288554.ogg,grbhaw1,[''],True,False,grbhaw1
9780,grbhaw1-XC48400-0,0,/kaggle/input/birdclef-2025/train_audio/grbhaw1/XC48400.ogg,grbhaw1,[''],True,False,grbhaw1
9780,grbhaw1-XC48400-1,1,/kaggle/input/birdclef-2025/train_audio/grbhaw1/XC48400.ogg,grbhaw1,[''],True,False,grbhaw1
9781,grbhaw1-XC48401-0,0,/kaggle/input/birdclef-2025/train_audio/grbhaw1/XC48401.ogg,grbhaw1,[''],True,False,grbhaw1
9781,grbhaw1-XC48401-1,1,/kaggle/input/birdclef-2025/train_audio/grbhaw1/XC48401.ogg,grbhaw1,[''],True,False,grbhaw1
9789,grbhaw1-XC50582-0,0,/kaggle/input/birdclef-2025/train_audio/grbhaw1/XC50582.ogg,grbhaw1,[''],True,False,grbhaw1
9791,grbhaw1-XC556175-2,2,/kaggle/input/birdclef-2025/train_audio/grbhaw1/XC556175.ogg,grbhaw1,[''],True,False,grbhaw1
9822,grbhaw1-XC941415-1,1,/kaggle/input/birdclef-2025/train_audio/grbhaw1/XC941415.ogg,grbhaw1,[''],True,False,grbhaw1
9823,grbhaw1-XC958044-7,7,/kaggle/input/birdclef-2025/train_audio/grbhaw1/XC958044.ogg,grbhaw1,[''],True,False,grbhaw1
10024,greegr-XC277163-0,0,/kaggle/input/birdclef-2025/train_audio/greegr/XC277163.ogg,greegr,[''],True,False,greegr
10043,greegr-XC309393-1,1,/kaggle/input/birdclef-2025/train_audio/greegr/XC309393.ogg,greegr,[''],True,False,greegr
10413,grekis-XC115369-2,2,/kaggle/input/birdclef-2025/train_audio/grekis/XC115369.ogg,grekis,[''],True,False,grekis
10414,grekis-XC115734-1,1,/kaggle/input/birdclef-2025/train_audio/grekis/XC115734.ogg,grekis,[''],True,False,grekis
10414,grekis-XC115734-5,5,/kaggle/input/birdclef-2025/train_audio/grekis/XC115734.ogg,grekis,[''],True,False,grekis
10416,grekis-XC121412-5,5,/kaggle/input/birdclef-2025/train_audio/grekis/XC121412.ogg,grekis,[''],True,False,grekis
10416,grekis-XC121412-8,8,/kaggle/input/birdclef-2025/train_audio/grekis/XC121412.ogg,grekis,[''],True,False,grekis
10417,grekis-XC123376-1,1,/kaggle/input/birdclef-2025/train_audio/grekis/XC123376.ogg,grekis,[''],True,False,grekis
10422,grekis-XC129297-0,0,/kaggle/input/birdclef-2025/train_audio/grekis/XC129297.ogg,grekis,[''],True,False,grekis
10424,grekis-XC133666-1,1,/kaggle/input/birdclef-2025/train_audio/grekis/XC133666.ogg,grekis,[''],True,False,grekis
10454,grekis-XC170757-1,1,/kaggle/input/birdclef-2025/train_audio/grekis/XC170757.ogg,grekis,[''],True,False,grekis
10455,grekis-XC171684-0,0,/kaggle/input/birdclef-2025/train_audio/grekis/XC171684.ogg,grekis,[''],True,False,grekis
10455,grekis-XC171684-1,1,/kaggle/input/birdclef-2025/train_audio/grekis/XC171684.ogg,grekis,[''],True,False,grekis
10468,grekis-XC194634-1,1,/kaggle/input/birdclef-2025/train_audio/grekis/XC194634.ogg,grekis,[''],True,False,grekis
10518,grekis-XC277798-1,1,/kaggle/input/birdclef-2025/train_audio/grekis/XC277798.ogg,grekis,[''],True,False,grekis
10518,grekis-XC277798-2,2,/kaggle/input/birdclef-2025/train_audio/grekis/XC277798.ogg,grekis,[''],True,False,grekis
10519,grekis-XC278947-0,0,/kaggle/input/birdclef-2025/train_audio/grekis/XC278947.ogg,grekis,[''],True,False,grekis
10521,grekis-XC285329-2,2,/kaggle/input/birdclef-2025/train_audio/grekis/XC285329.ogg,grekis,['whtdov'],True,False,grekis
10524,grekis-XC285547-0,0,/kaggle/input/birdclef-2025/train_audio/grekis/XC285547.ogg,grekis,[''],True,False,grekis
10545,grekis-XC336010-4,4,/kaggle/input/birdclef-2025/train_audio/grekis/XC336010.ogg,grekis,[''],True,False,grekis
10548,grekis-XC342397-0,0,/kaggle/input/birdclef-2025/train_audio/grekis/XC342397.ogg,grekis,[''],True,False,grekis
10548,grekis-XC342397-2,2,/kaggle/input/birdclef-2025/train_audio/grekis/XC342397.ogg,grekis,[''],True,False,grekis
10548,grekis-XC342397-3,3,/kaggle/input/birdclef-2025/train_audio/grekis/XC342397.ogg,grekis,[''],True,False,grekis
10548,grekis-XC342397-5,5,/kaggle/input/birdclef-2025/train_audio/grekis/XC342397.ogg,grekis,[''],True,False,grekis
10548,grekis-XC342397-7,7,/kaggle/input/birdclef-2025/train_audio/grekis/XC342397.ogg,grekis,[''],True,False,grekis
10556,grekis-XC357280-0,0,/kaggle/input/birdclef-2025/train_audio/grekis/XC357280.ogg,grekis,[''],True,False,grekis
10558,grekis-XC359179-0,0,/kaggle/input/birdclef-2025/train_audio/grekis/XC359179.ogg,grekis,[''],True,False,grekis
10568,grekis-XC361496-0,0,/kaggle/input/birdclef-2025/train_audio/grekis/XC361496.ogg,grekis,[''],True,False,grekis
10606,grekis-XC424597-0,0,/kaggle/input/birdclef-2025/train_audio/grekis/XC424597.ogg,grekis,[''],True,False,grekis
10606,grekis-XC424597-3,3,/kaggle/input/birdclef-2025/train_audio/grekis/XC424597.ogg,grekis,[''],True,False,grekis
10608,grekis-XC427820-0,0,/kaggle/input/birdclef-2025/train_audio/grekis/XC427820.ogg,grekis,['socfly1'],True,False,grekis
10608,grekis-XC427820-1,1,/kaggle/input/birdclef-2025/train_audio/grekis/XC427820.ogg,grekis,['socfly1'],True,False,grekis
10608,grekis-XC427820-2,2,/kaggle/input/birdclef-2025/train_audio/grekis/XC427820.ogg,grekis,['socfly1'],True,False,grekis
10608,grekis-XC427820-3,3,/kaggle/input/birdclef-2025/train_audio/grekis/XC427820.ogg,grekis,['socfly1'],True,False,grekis
10613,grekis-XC433508-1,1,/kaggle/input/birdclef-2025/train_audio/grekis/XC433508.ogg,grekis,[''],True,False,grekis
10618,grekis-XC437833-1,1,/kaggle/input/birdclef-2025/train_audio/grekis/XC437833.ogg,grekis,[''],True,False,grekis
10628,grekis-XC446440-5,5,/kaggle/input/birdclef-2025/train_audio/grekis/XC446440.ogg,grekis,[''],True,False,grekis
10654,grekis-XC494711-12,12,/kaggle/input/birdclef-2025/train_audio/grekis/XC494711.ogg,grekis,"['yebela1', 'paltan1']",True,False,grekis
10654,grekis-XC494711-14,14,/kaggle/input/birdclef-2025/train_audio/grekis/XC494711.ogg,grekis,"['yebela1', 'paltan1']",True,False,grekis
10666,grekis-XC518343-3,3,/kaggle/input/birdclef-2025/train_audio/grekis/XC518343.ogg,grekis,[''],True,False,grekis
10666,grekis-XC518343-4,4,/kaggle/input/birdclef-2025/train_audio/grekis/XC518343.ogg,grekis,[''],True,False,grekis
10682,grekis-XC524954-0,0,/kaggle/input/birdclef-2025/train_audio/grekis/XC524954.ogg,grekis,[''],True,False,grekis
10682,grekis-XC524954-1,1,/kaggle/input/birdclef-2025/train_audio/grekis/XC524954.ogg,grekis,[''],True,False,grekis
10690,grekis-XC540574-1,1,/kaggle/input/birdclef-2025/train_audio/grekis/XC540574.ogg,grekis,[''],True,False,grekis
10694,grekis-XC543428-1,1,/kaggle/input/birdclef-2025/train_audio/grekis/XC543428.ogg,grekis,[''],True,False,grekis
10694,grekis-XC543428-2,2,/kaggle/input/birdclef-2025/train_audio/grekis/XC543428.ogg,grekis,[''],True,False,grekis
10721,grekis-XC56998-0,0,/kaggle/input/birdclef-2025/train_audio/grekis/XC56998.ogg,grekis,[''],True,False,grekis
10721,grekis-XC56998-1,1,/kaggle/input/birdclef-2025/train_audio/grekis/XC56998.ogg,grekis,[''],True,False,grekis
10721,grekis-XC56998-2,2,/kaggle/input/birdclef-2025/train_audio/grekis/XC56998.ogg,grekis,[''],True,False,grekis
10723,grekis-XC575458-0,0,/kaggle/input/birdclef-2025/train_audio/grekis/XC575458.ogg,grekis,['bobfly1'],True,False,grekis
10736,grekis-XC584771-0,0,/kaggle/input/birdclef-2025/train_audio/grekis/XC584771.ogg,grekis,[''],True,False,grekis
10736,grekis-XC584771-3,3,/kaggle/input/birdclef-2025/train_audio/grekis/XC584771.ogg,grekis,[''],True,False,grekis
10773,grekis-XC668101-1,1,/kaggle/input/birdclef-2025/train_audio/grekis/XC668101.ogg,grekis,[''],True,False,grekis
10788,grekis-XC705484-0,0,/kaggle/input/birdclef-2025/train_audio/grekis/XC705484.ogg,grekis,"['strcuc1', 'creoro1', 'pavpig2']",True,False,grekis
10788,grekis-XC705484-1,1,/kaggle/input/birdclef-2025/train_audio/grekis/XC705484.ogg,grekis,"['strcuc1', 'creoro1', 'pavpig2']",True,False,grekis
10788,grekis-XC705484-2,2,/kaggle/input/birdclef-2025/train_audio/grekis/XC705484.ogg,grekis,"['strcuc1', 'creoro1', 'pavpig2']",True,False,grekis
10788,grekis-XC705484-3,3,/kaggle/input/birdclef-2025/train_audio/grekis/XC705484.ogg,grekis,"['strcuc1', 'creoro1', 'pavpig2']",True,False,grekis
10796,grekis-XC709804-2,2,/kaggle/input/birdclef-2025/train_audio/grekis/XC709804.ogg,grekis,['trokin'],True,False,grekis
10802,grekis-XC720798-1,1,/kaggle/input/birdclef-2025/train_audio/grekis/XC720798.ogg,grekis,[''],True,False,grekis
10805,grekis-XC735981-1,1,/kaggle/input/birdclef-2025/train_audio/grekis/XC735981.ogg,grekis,[''],True,False,grekis
10810,grekis-XC743922-2,2,/kaggle/input/birdclef-2025/train_audio/grekis/XC743922.ogg,grekis,"['bugtan', 'trokin']",True,False,grekis
10815,grekis-XC769615-2,2,/kaggle/input/birdclef-2025/train_audio/grekis/XC769615.ogg,grekis,['strcuc1'],True,False,grekis
10829,grekis-XC794811-4,4,/kaggle/input/birdclef-2025/train_audio/grekis/XC794811.ogg,grekis,[''],True,False,grekis
10860,grekis-XC839479-0,0,/kaggle/input/birdclef-2025/train_audio/grekis/XC839479.ogg,grekis,[''],True,False,grekis
10865,grekis-XC857530-1,1,/kaggle/input/birdclef-2025/train_audio/grekis/XC857530.ogg,grekis,['rumfly1'],True,False,grekis
10866,grekis-XC861696-0,0,/kaggle/input/birdclef-2025/train_audio/grekis/XC861696.ogg,grekis,[''],True,False,grekis
10866,grekis-XC861696-4,4,/kaggle/input/birdclef-2025/train_audio/grekis/XC861696.ogg,grekis,[''],True,False,grekis
10866,grekis-XC861696-5,5,/kaggle/input/birdclef-2025/train_audio/grekis/XC861696.ogg,grekis,[''],True,False,grekis
10866,grekis-XC861696-6,6,/kaggle/input/birdclef-2025/train_audio/grekis/XC861696.ogg,grekis,[''],True,False,grekis
10870,grekis-XC879876-1,1,/kaggle/input/birdclef-2025/train_audio/grekis/XC879876.ogg,grekis,['saffin'],True,False,grekis
10870,grekis-XC879876-9,9,/kaggle/input/birdclef-2025/train_audio/grekis/XC879876.ogg,grekis,['saffin'],True,False,grekis
10870,grekis-XC879876-11,11,/kaggle/input/birdclef-2025/train_audio/grekis/XC879876.ogg,grekis,['saffin'],True,False,grekis
10870,grekis-XC879876-12,12,/kaggle/input/birdclef-2025/train_audio/grekis/XC879876.ogg,grekis,['saffin'],True,False,grekis
10872,grekis-XC895855-0,0,/kaggle/input/birdclef-2025/train_audio/grekis/XC895855.ogg,grekis,[''],True,False,grekis
10872,grekis-XC895855-1,1,/kaggle/input/birdclef-2025/train_audio/grekis/XC895855.ogg,grekis,[''],True,False,grekis
10883,grekis-XC913407-2,2,/kaggle/input/birdclef-2025/train_audio/grekis/XC913407.ogg,grekis,['socfly1'],True,False,grekis
10895,grekis-XC936081-1,1,/kaggle/input/birdclef-2025/train_audio/grekis/XC936081.ogg,grekis,['bobfly1'],True,False,grekis
10895,grekis-XC936081-16,16,/kaggle/input/birdclef-2025/train_audio/grekis/XC936081.ogg,grekis,['bobfly1'],True,False,grekis
10895,grekis-XC936081-26,26,/kaggle/input/birdclef-2025/train_audio/grekis/XC936081.ogg,grekis,['bobfly1'],True,False,grekis
10895,grekis-XC936081-30,30,/kaggle/input/birdclef-2025/train_audio/grekis/XC936081.ogg,grekis,['bobfly1'],True,False,grekis
10895,grekis-XC936081-34,34,/kaggle/input/birdclef-2025/train_audio/grekis/XC936081.ogg,grekis,['bobfly1'],True,False,grekis
10895,grekis-XC936081-37,37,/kaggle/input/birdclef-2025/train_audio/grekis/XC936081.ogg,grekis,['bobfly1'],True,False,grekis
10895,grekis-XC936081-43,43,/kaggle/input/birdclef-2025/train_audio/grekis/XC936081.ogg,grekis,['bobfly1'],True,False,grekis
10895,grekis-XC936081-46,46,/kaggle/input/birdclef-2025/train_audio/grekis/XC936081.ogg,grekis,['bobfly1'],True,False,grekis
10895,grekis-XC936081-49,49,/kaggle/input/birdclef-2025/train_audio/grekis/XC936081.ogg,grekis,['bobfly1'],True,False,grekis
10895,grekis-XC936081-65,65,/kaggle/input/birdclef-2025/train_audio/grekis/XC936081.ogg,grekis,['bobfly1'],True,False,grekis
10895,grekis-XC936081-72,72,/kaggle/input/birdclef-2025/train_audio/grekis/XC936081.ogg,grekis,['bobfly1'],True,False,grekis
10895,grekis-XC936081-74,74,/kaggle/input/birdclef-2025/train_audio/grekis/XC936081.ogg,grekis,['bobfly1'],True,False,grekis
10895,grekis-XC936081-75,75,/kaggle/input/birdclef-2025/train_audio/grekis/XC936081.ogg,grekis,['bobfly1'],True,False,grekis
10895,grekis-XC936081-76,76,/kaggle/input/birdclef-2025/train_audio/grekis/XC936081.ogg,grekis,['bobfly1'],True,False,grekis
10895,grekis-XC936081-77,77,/kaggle/input/birdclef-2025/train_audio/grekis/XC936081.ogg,grekis,['bobfly1'],True,False,grekis
10895,grekis-XC936081-80,80,/kaggle/input/birdclef-2025/train_audio/grekis/XC936081.ogg,grekis,['bobfly1'],True,False,grekis
10895,grekis-XC936081-89,89,/kaggle/input/birdclef-2025/train_audio/grekis/XC936081.ogg,grekis,['bobfly1'],True,False,grekis
10896,grekis-XC936811-3,3,/kaggle/input/birdclef-2025/train_audio/grekis/XC936811.ogg,grekis,['trokin'],True,False,grekis
10896,grekis-XC936811-4,4,/kaggle/input/birdclef-2025/train_audio/grekis/XC936811.ogg,grekis,['trokin'],True,False,grekis
10896,grekis-XC936811-6,6,/kaggle/input/birdclef-2025/train_audio/grekis/XC936811.ogg,grekis,['trokin'],True,False,grekis
10896,grekis-XC936811-9,9,/kaggle/input/birdclef-2025/train_audio/grekis/XC936811.ogg,grekis,['trokin'],True,False,grekis
10896,grekis-XC936811-19,19,/kaggle/input/birdclef-2025/train_audio/grekis/XC936811.ogg,grekis,['trokin'],True,False,grekis
10896,grekis-XC936811-23,23,/kaggle/input/birdclef-2025/train_audio/grekis/XC936811.ogg,grekis,['trokin'],True,False,grekis
10896,grekis-XC936811-26,26,/kaggle/input/birdclef-2025/train_audio/grekis/XC936811.ogg,grekis,['trokin'],True,False,grekis
10896,grekis-XC936811-30,30,/kaggle/input/birdclef-2025/train_audio/grekis/XC936811.ogg,grekis,['trokin'],True,False,grekis
10896,grekis-XC936811-31,31,/kaggle/input/birdclef-2025/train_audio/grekis/XC936811.ogg,grekis,['trokin'],True,False,grekis
10896,grekis-XC936811-35,35,/kaggle/input/birdclef-2025/train_audio/grekis/XC936811.ogg,grekis,['trokin'],True,False,grekis
10896,grekis-XC936811-39,39,/kaggle/input/birdclef-2025/train_audio/grekis/XC936811.ogg,grekis,['trokin'],True,False,grekis
10896,grekis-XC936811-40,40,/kaggle/input/birdclef-2025/train_audio/grekis/XC936811.ogg,grekis,['trokin'],True,False,grekis
10896,grekis-XC936811-45,45,/kaggle/input/birdclef-2025/train_audio/grekis/XC936811.ogg,grekis,['trokin'],True,False,grekis
10896,grekis-XC936811-46,46,/kaggle/input/birdclef-2025/train_audio/grekis/XC936811.ogg,grekis,['trokin'],True,False,grekis
10896,grekis-XC936811-47,47,/kaggle/input/birdclef-2025/train_audio/grekis/XC936811.ogg,grekis,['trokin'],True,False,grekis
10896,grekis-XC936811-48,48,/kaggle/input/birdclef-2025/train_audio/grekis/XC936811.ogg,grekis,['trokin'],True,False,grekis
10896,grekis-XC936811-49,49,/kaggle/input/birdclef-2025/train_audio/grekis/XC936811.ogg,grekis,['trokin'],True,False,grekis
10896,grekis-XC936811-53,53,/kaggle/input/birdclef-2025/train_audio/grekis/XC936811.ogg,grekis,['trokin'],True,False,grekis
10896,grekis-XC936811-58,58,/kaggle/input/birdclef-2025/train_audio/grekis/XC936811.ogg,grekis,['trokin'],True,False,grekis
10896,grekis-XC936811-62,62,/kaggle/input/birdclef-2025/train_audio/grekis/XC936811.ogg,grekis,['trokin'],True,False,grekis
10896,grekis-XC936811-69,69,/kaggle/input/birdclef-2025/train_audio/grekis/XC936811.ogg,grekis,['trokin'],True,False,grekis
10896,grekis-XC936811-70,70,/kaggle/input/birdclef-2025/train_audio/grekis/XC936811.ogg,grekis,['trokin'],True,False,grekis
10896,grekis-XC936811-73,73,/kaggle/input/birdclef-2025/train_audio/grekis/XC936811.ogg,grekis,['trokin'],True,False,grekis
10896,grekis-XC936811-79,79,/kaggle/input/birdclef-2025/train_audio/grekis/XC936811.ogg,grekis,['trokin'],True,False,grekis
10896,grekis-XC936811-80,80,/kaggle/input/birdclef-2025/train_audio/grekis/XC936811.ogg,grekis,['trokin'],True,False,grekis
10896,grekis-XC936811-86,86,/kaggle/input/birdclef-2025/train_audio/grekis/XC936811.ogg,grekis,['trokin'],True,False,grekis
10896,grekis-XC936811-90,90,/kaggle/input/birdclef-2025/train_audio/grekis/XC936811.ogg,grekis,['trokin'],True,False,grekis
10925,grekis-iNat1056197-2,2,/kaggle/input/birdclef-2025/train_audio/grekis/iNat1056197.ogg,grekis,[''],True,False,grekis
10997,grekis-iNat1279068-3,3,/kaggle/input/birdclef-2025/train_audio/grekis/iNat1279068.ogg,grekis,[''],True,False,grekis
10997,grekis-iNat1279068-4,4,/kaggle/input/birdclef-2025/train_audio/grekis/iNat1279068.ogg,grekis,[''],True,False,grekis
11014,grekis-iNat1290456-1,1,/kaggle/input/birdclef-2025/train_audio/grekis/iNat1290456.ogg,grekis,[''],True,False,grekis
11046,grekis-iNat177783-0,0,/kaggle/input/birdclef-2025/train_audio/grekis/iNat177783.ogg,grekis,[''],True,False,grekis
11047,grekis-iNat177786-0,0,/kaggle/input/birdclef-2025/train_audio/grekis/iNat177786.ogg,grekis,[''],True,False,grekis
11047,grekis-iNat177786-1,1,/kaggle/input/birdclef-2025/train_audio/grekis/iNat177786.ogg,grekis,[''],True,False,grekis
11047,grekis-iNat177786-2,2,/kaggle/input/birdclef-2025/train_audio/grekis/iNat177786.ogg,grekis,[''],True,False,grekis
11056,grekis-iNat201655-0,0,/kaggle/input/birdclef-2025/train_audio/grekis/iNat201655.ogg,grekis,[''],True,False,grekis
11074,grekis-iNat258521-0,0,/kaggle/input/birdclef-2025/train_audio/grekis/iNat258521.ogg,grekis,[''],True,False,grekis
11082,grekis-iNat290987-1,1,/kaggle/input/birdclef-2025/train_audio/grekis/iNat290987.ogg,grekis,[''],True,False,grekis
11082,grekis-iNat290987-2,2,/kaggle/input/birdclef-2025/train_audio/grekis/iNat290987.ogg,grekis,[''],True,False,grekis
11083,grekis-iNat298268-1,1,/kaggle/input/birdclef-2025/train_audio/grekis/iNat298268.ogg,grekis,[''],True,False,grekis
11083,grekis-iNat298268-2,2,/kaggle/input/birdclef-2025/train_audio/grekis/iNat298268.ogg,grekis,[''],True,False,grekis
11084,grekis-iNat302094-1,1,/kaggle/input/birdclef-2025/train_audio/grekis/iNat302094.ogg,grekis,[''],True,False,grekis
11084,grekis-iNat302094-2,2,/kaggle/input/birdclef-2025/train_audio/grekis/iNat302094.ogg,grekis,[''],True,False,grekis
11105,grekis-iNat325333-1,1,/kaggle/input/birdclef-2025/train_audio/grekis/iNat325333.ogg,grekis,[''],True,False,grekis
11120,grekis-iNat347244-0,0,/kaggle/input/birdclef-2025/train_audio/grekis/iNat347244.ogg,grekis,[''],True,False,grekis
11120,grekis-iNat347244-2,2,/kaggle/input/birdclef-2025/train_audio/grekis/iNat347244.ogg,grekis,[''],True,False,grekis
11134,grekis-iNat376840-0,0,/kaggle/input/birdclef-2025/train_audio/grekis/iNat376840.ogg,grekis,[''],True,False,grekis
11134,grekis-iNat376840-1,1,/kaggle/input/birdclef-2025/train_audio/grekis/iNat376840.ogg,grekis,[''],True,False,grekis
11152,grekis-iNat406933-10,10,/kaggle/input/birdclef-2025/train_audio/grekis/iNat406933.ogg,grekis,[''],True,False,grekis
11217,grekis-iNat563039-0,0,/kaggle/input/birdclef-2025/train_audio/grekis/iNat563039.ogg,grekis,[''],True,False,grekis
11217,grekis-iNat563039-1,1,/kaggle/input/birdclef-2025/train_audio/grekis/iNat563039.ogg,grekis,[''],True,False,grekis
11217,grekis-iNat563039-2,2,/kaggle/input/birdclef-2025/train_audio/grekis/iNat563039.ogg,grekis,[''],True,False,grekis
11245,grekis-iNat605614-0,0,/kaggle/input/birdclef-2025/train_audio/grekis/iNat605614.ogg,grekis,[''],True,False,grekis
11245,grekis-iNat605614-1,1,/kaggle/input/birdclef-2025/train_audio/grekis/iNat605614.ogg,grekis,[''],True,False,grekis
11270,grekis-iNat668318-2,2,/kaggle/input/birdclef-2025/train_audio/grekis/iNat668318.ogg,grekis,[''],True,False,grekis
11273,grekis-iNat676515-0,0,/kaggle/input/birdclef-2025/train_audio/grekis/iNat676515.ogg,grekis,[''],True,False,grekis
11276,grekis-iNat681487-0,0,/kaggle/input/birdclef-2025/train_audio/grekis/iNat681487.ogg,grekis,[''],True,False,grekis
11276,grekis-iNat681487-1,1,/kaggle/input/birdclef-2025/train_audio/grekis/iNat681487.ogg,grekis,[''],True,False,grekis
11287,grekis-iNat738753-1,1,/kaggle/input/birdclef-2025/train_audio/grekis/iNat738753.ogg,grekis,[''],True,False,grekis
11295,grekis-iNat764622-1,1,/kaggle/input/birdclef-2025/train_audio/grekis/iNat764622.ogg,grekis,[''],True,False,grekis
11296,grekis-iNat764756-1,1,/kaggle/input/birdclef-2025/train_audio/grekis/iNat764756.ogg,grekis,[''],True,False,grekis
11363,grekis-iNat92493-2,2,/kaggle/input/birdclef-2025/train_audio/grekis/iNat92493.ogg,grekis,[''],True,False,grekis
11382,grekis-iNat958438-2,2,/kaggle/input/birdclef-2025/train_audio/grekis/iNat958438.ogg,grekis,[''],True,False,grekis
11386,grekis-iNat972137-1,1,/kaggle/input/birdclef-2025/train_audio/grekis/iNat972137.ogg,grekis,[''],True,False,grekis
11397,grekis-iNat992407-0,0,/kaggle/input/birdclef-2025/train_audio/grekis/iNat992407.ogg,grekis,[''],True,False,grekis
11428,grepot1-XC416483-1,1,/kaggle/input/birdclef-2025/train_audio/grepot1/XC416483.ogg,grepot1,[''],True,False,grepot1
11428,grepot1-XC416483-3,3,/kaggle/input/birdclef-2025/train_audio/grepot1/XC416483.ogg,grepot1,[''],True,False,grepot1
11809,gybmar-XC70798-5,5,/kaggle/input/birdclef-2025/train_audio/gybmar/XC70798.ogg,gybmar,"['banana', 'pavpig2']",False,True,banana
11809,gybmar-XC70798-6,6,/kaggle/input/birdclef-2025/train_audio/gybmar/XC70798.ogg,gybmar,"['banana', 'pavpig2']",False,True,banana
11995,gycwor1-XC534110-3,3,/kaggle/input/birdclef-2025/train_audio/gycwor1/XC534110.ogg,gycwor1,"['yebsee1', 'blbgra1']",True,False,gycwor1
12502,laufal1-XC583599-0,0,/kaggle/input/birdclef-2025/train_audio/laufal1/XC583599.ogg,laufal1,"['greani1', 'grekis']",False,True,grekis
12502,laufal1-XC583599-1,1,/kaggle/input/birdclef-2025/train_audio/laufal1/XC583599.ogg,laufal1,"['greani1', 'grekis']",False,True,grekis
12654,laufal1-iNat318238-2,2,/kaggle/input/birdclef-2025/train_audio/laufal1/iNat318238.ogg,laufal1,[''],True,False,laufal1
13220,littin1-XC117254-7,7,/kaggle/input/birdclef-2025/train_audio/littin1/XC117254.ogg,littin1,[''],True,False,littin1
13221,littin1-XC117255-1,1,/kaggle/input/birdclef-2025/train_audio/littin1/XC117255.ogg,littin1,[''],True,False,littin1
13221,littin1-XC117255-2,2,/kaggle/input/birdclef-2025/train_audio/littin1/XC117255.ogg,littin1,[''],True,False,littin1
13221,littin1-XC117255-3,3,/kaggle/input/birdclef-2025/train_audio/littin1/XC117255.ogg,littin1,[''],True,False,littin1
13221,littin1-XC117255-5,5,/kaggle/input/birdclef-2025/train_audio/littin1/XC117255.ogg,littin1,[''],True,False,littin1
13221,littin1-XC117255-6,6,/kaggle/input/birdclef-2025/train_audio/littin1/XC117255.ogg,littin1,[''],True,False,littin1
13221,littin1-XC117255-10,10,/kaggle/input/birdclef-2025/train_audio/littin1/XC117255.ogg,littin1,[''],True,False,littin1
13221,littin1-XC117255-11,11,/kaggle/input/birdclef-2025/train_audio/littin1/XC117255.ogg,littin1,[''],True,False,littin1
13221,littin1-XC117255-13,13,/kaggle/input/birdclef-2025/train_audio/littin1/XC117255.ogg,littin1,[''],True,False,littin1
13221,littin1-XC117255-14,14,/kaggle/input/birdclef-2025/train_audio/littin1/XC117255.ogg,littin1,[''],True,False,littin1
13231,littin1-XC117694-9,9,/kaggle/input/birdclef-2025/train_audio/littin1/XC117694.ogg,littin1,[''],True,False,littin1
13301,littin1-XC238230-1,1,/kaggle/input/birdclef-2025/train_audio/littin1/XC238230.ogg,littin1,[''],True,False,littin1
13335,littin1-XC344299-1,1,/kaggle/input/birdclef-2025/train_audio/littin1/XC344299.ogg,littin1,"['sobtyr1', 'whtdov']",False,True,sobtyr1
13335,littin1-XC344299-3,3,/kaggle/input/birdclef-2025/train_audio/littin1/XC344299.ogg,littin1,"['sobtyr1', 'whtdov']",False,True,sobtyr1
13368,littin1-XC469140-4,4,/kaggle/input/birdclef-2025/train_audio/littin1/XC469140.ogg,littin1,[''],True,False,littin1
13368,littin1-XC469140-7,7,/kaggle/input/birdclef-2025/train_audio/littin1/XC469140.ogg,littin1,[''],True,False,littin1
13389,littin1-XC529165-4,4,/kaggle/input/birdclef-2025/train_audio/littin1/XC529165.ogg,littin1,[''],True,False,littin1
13441,littin1-XC712644-3,3,/kaggle/input/birdclef-2025/train_audio/littin1/XC712644.ogg,littin1,[''],True,False,littin1
13444,littin1-XC71494-1,1,/kaggle/input/birdclef-2025/train_audio/littin1/XC71494.ogg,littin1,['chbant1'],False,True,chbant1
13444,littin1-XC71494-2,2,/kaggle/input/birdclef-2025/train_audio/littin1/XC71494.ogg,littin1,['chbant1'],False,True,chbant1
13546,mastit1-XC236218-0,0,/kaggle/input/birdclef-2025/train_audio/mastit1/XC236218.ogg,mastit1,[''],True,False,mastit1
13597,mastit1-XC6993-1,1,/kaggle/input/birdclef-2025/train_audio/mastit1/XC6993.ogg,mastit1,[''],True,False,mastit1
13622,mastit1-XC937874-2,2,/kaggle/input/birdclef-2025/train_audio/mastit1/XC937874.ogg,mastit1,[''],True,False,mastit1
13622,mastit1-XC937874-4,4,/kaggle/input/birdclef-2025/train_audio/mastit1/XC937874.ogg,mastit1,[''],True,False,mastit1
13643,neocor-XC177197-1,1,/kaggle/input/birdclef-2025/train_audio/neocor/XC177197.ogg,neocor,[''],True,False,neocor
13872,orcpar-XC57062-4,4,/kaggle/input/birdclef-2025/train_audio/orcpar/XC57062.ogg,orcpar,['bobfly1'],False,True,bobfly1
13979,orcpar-iNat681512-3,3,/kaggle/input/birdclef-2025/train_audio/orcpar/iNat681512.ogg,orcpar,[''],True,False,orcpar
14096,paltan1-XC259687-2,2,/kaggle/input/birdclef-2025/train_audio/paltan1/XC259687.ogg,paltan1,['banana'],False,True,banana
14201,paltan1-XC708160-7,7,/kaggle/input/birdclef-2025/train_audio/paltan1/XC708160.ogg,paltan1,['bkcdon'],True,False,paltan1
14313,pavpig2-XC20717-2,2,/kaggle/input/birdclef-2025/train_audio/pavpig2/XC20717.ogg,pavpig2,[''],True,False,pavpig2
14499,pirfly1-XC113986-3,3,/kaggle/input/birdclef-2025/train_audio/pirfly1/XC113986.ogg,pirfly1,[''],True,False,pirfly1
14505,pirfly1-XC120084-2,2,/kaggle/input/birdclef-2025/train_audio/pirfly1/XC120084.ogg,pirfly1,[''],True,False,pirfly1
14519,pirfly1-XC153976-2,2,/kaggle/input/birdclef-2025/train_audio/pirfly1/XC153976.ogg,pirfly1,[''],True,False,pirfly1
14542,pirfly1-XC198774-1,1,/kaggle/input/birdclef-2025/train_audio/pirfly1/XC198774.ogg,pirfly1,[''],True,False,pirfly1
14565,pirfly1-XC248706-0,0,/kaggle/input/birdclef-2025/train_audio/pirfly1/XC248706.ogg,pirfly1,[''],True,False,pirfly1
14572,pirfly1-XC253139-7,7,/kaggle/input/birdclef-2025/train_audio/pirfly1/XC253139.ogg,pirfly1,"['trokin', 'grekis']",False,True,trokin
14572,pirfly1-XC253139-19,19,/kaggle/input/birdclef-2025/train_audio/pirfly1/XC253139.ogg,pirfly1,"['trokin', 'grekis']",False,True,trokin
14586,pirfly1-XC275480-0,0,/kaggle/input/birdclef-2025/train_audio/pirfly1/XC275480.ogg,pirfly1,['cotfly1'],False,True,cotfly1
14650,pirfly1-XC455151-0,0,/kaggle/input/birdclef-2025/train_audio/pirfly1/XC455151.ogg,pirfly1,['cotfly1'],False,True,cotfly1
14748,pirfly1-XC838434-0,0,/kaggle/input/birdclef-2025/train_audio/pirfly1/XC838434.ogg,pirfly1,[''],True,False,pirfly1
14748,pirfly1-XC838434-1,1,/kaggle/input/birdclef-2025/train_audio/pirfly1/XC838434.ogg,pirfly1,[''],True,False,pirfly1
14955,plbwoo1-XC510953-0,0,/kaggle/input/birdclef-2025/train_audio/plbwoo1/XC510953.ogg,plbwoo1,[''],True,False,plbwoo1
14955,plbwoo1-XC510953-2,2,/kaggle/input/birdclef-2025/train_audio/plbwoo1/XC510953.ogg,plbwoo1,[''],True,False,plbwoo1
15101,purgal2-XC196245-6,6,/kaggle/input/birdclef-2025/train_audio/purgal2/XC196245.ogg,purgal2,[''],True,False,purgal2
15127,purgal2-XC286687-0,0,/kaggle/input/birdclef-2025/train_audio/purgal2/XC286687.ogg,purgal2,['bbwduc'],True,False,purgal2
15128,purgal2-XC316543-2,2,/kaggle/input/birdclef-2025/train_audio/purgal2/XC316543.ogg,purgal2,[''],True,False,purgal2
15147,purgal2-XC391146-0,0,/kaggle/input/birdclef-2025/train_audio/purgal2/XC391146.ogg,purgal2,[''],True,False,purgal2
15148,purgal2-XC391220-7,7,/kaggle/input/birdclef-2025/train_audio/purgal2/XC391220.ogg,purgal2,[''],True,False,purgal2
15163,purgal2-XC504766-1,1,/kaggle/input/birdclef-2025/train_audio/purgal2/XC504766.ogg,purgal2,"['cotfly1', 'yebela1', 'socfly1', 'trokin', 'grekis']",True,False,purgal2
15163,purgal2-XC504766-6,6,/kaggle/input/birdclef-2025/train_audio/purgal2/XC504766.ogg,purgal2,"['cotfly1', 'yebela1', 'socfly1', 'trokin', 'grekis']",False,True,grekis
15169,purgal2-XC518752-2,2,/kaggle/input/birdclef-2025/train_audio/purgal2/XC518752.ogg,purgal2,[''],True,False,purgal2
15194,purgal2-XC85083-1,1,/kaggle/input/birdclef-2025/train_audio/purgal2/XC85083.ogg,purgal2,"['watjac1', 'yecspi2']",True,False,purgal2
15203,purgal2-iNat198522-0,0,/kaggle/input/birdclef-2025/train_audio/purgal2/iNat198522.ogg,purgal2,[''],True,False,purgal2
15203,purgal2-iNat198522-1,1,/kaggle/input/birdclef-2025/train_audio/purgal2/iNat198522.ogg,purgal2,[''],True,False,purgal2
15453,rinkin1-XC117138-0,0,/kaggle/input/birdclef-2025/train_audio/rinkin1/XC117138.ogg,rinkin1,[''],True,False,rinkin1
15689,roahaw-XC117319-3,3,/kaggle/input/birdclef-2025/train_audio/roahaw/XC117319.ogg,roahaw,[''],True,False,roahaw
15689,roahaw-XC117319-4,4,/kaggle/input/birdclef-2025/train_audio/roahaw/XC117319.ogg,roahaw,[''],True,False,roahaw
15689,roahaw-XC117319-5,5,/kaggle/input/birdclef-2025/train_audio/roahaw/XC117319.ogg,roahaw,[''],True,False,roahaw
15689,roahaw-XC117319-6,6,/kaggle/input/birdclef-2025/train_audio/roahaw/XC117319.ogg,roahaw,[''],True,False,roahaw
15690,roahaw-XC117320-0,0,/kaggle/input/birdclef-2025/train_audio/roahaw/XC117320.ogg,roahaw,[''],True,False,roahaw
15690,roahaw-XC117320-3,3,/kaggle/input/birdclef-2025/train_audio/roahaw/XC117320.ogg,roahaw,[''],True,False,roahaw
15690,roahaw-XC117320-4,4,/kaggle/input/birdclef-2025/train_audio/roahaw/XC117320.ogg,roahaw,[''],True,False,roahaw
15690,roahaw-XC117320-6,6,/kaggle/input/birdclef-2025/train_audio/roahaw/XC117320.ogg,roahaw,[''],True,False,roahaw
15690,roahaw-XC117320-10,10,/kaggle/input/birdclef-2025/train_audio/roahaw/XC117320.ogg,roahaw,[''],True,False,roahaw
15690,roahaw-XC117320-11,11,/kaggle/input/birdclef-2025/train_audio/roahaw/XC117320.ogg,roahaw,[''],True,False,roahaw
15690,roahaw-XC117320-13,13,/kaggle/input/birdclef-2025/train_audio/roahaw/XC117320.ogg,roahaw,[''],True,False,roahaw
15716,roahaw-XC117959-7,7,/kaggle/input/birdclef-2025/train_audio/roahaw/XC117959.ogg,roahaw,[''],True,False,roahaw
15722,roahaw-XC121461-0,0,/kaggle/input/birdclef-2025/train_audio/roahaw/XC121461.ogg,roahaw,[''],True,False,roahaw
15722,roahaw-XC121461-1,1,/kaggle/input/birdclef-2025/train_audio/roahaw/XC121461.ogg,roahaw,[''],True,False,roahaw
15722,roahaw-XC121461-3,3,/kaggle/input/birdclef-2025/train_audio/roahaw/XC121461.ogg,roahaw,[''],True,False,roahaw
15754,roahaw-XC172507-8,8,/kaggle/input/birdclef-2025/train_audio/roahaw/XC172507.ogg,roahaw,['wbwwre1'],True,False,roahaw
15754,roahaw-XC172507-17,17,/kaggle/input/birdclef-2025/train_audio/roahaw/XC172507.ogg,roahaw,['wbwwre1'],True,False,roahaw
15754,roahaw-XC172507-19,19,/kaggle/input/birdclef-2025/train_audio/roahaw/XC172507.ogg,roahaw,['wbwwre1'],True,False,roahaw
15781,roahaw-XC212222-2,2,/kaggle/input/birdclef-2025/train_audio/roahaw/XC212222.ogg,roahaw,[''],True,False,roahaw
15814,roahaw-XC256969-0,0,/kaggle/input/birdclef-2025/train_audio/roahaw/XC256969.ogg,roahaw,[''],True,False,roahaw
15814,roahaw-XC256969-1,1,/kaggle/input/birdclef-2025/train_audio/roahaw/XC256969.ogg,roahaw,[''],True,False,roahaw
15814,roahaw-XC256969-2,2,/kaggle/input/birdclef-2025/train_audio/roahaw/XC256969.ogg,roahaw,[''],True,False,roahaw
15814,roahaw-XC256969-3,3,/kaggle/input/birdclef-2025/train_audio/roahaw/XC256969.ogg,roahaw,[''],True,False,roahaw
15814,roahaw-XC256969-4,4,/kaggle/input/birdclef-2025/train_audio/roahaw/XC256969.ogg,roahaw,[''],True,False,roahaw
15814,roahaw-XC256969-6,6,/kaggle/input/birdclef-2025/train_audio/roahaw/XC256969.ogg,roahaw,[''],True,False,roahaw
15817,roahaw-XC257367-3,3,/kaggle/input/birdclef-2025/train_audio/roahaw/XC257367.ogg,roahaw,[''],True,False,roahaw
15835,roahaw-XC296572-1,1,/kaggle/input/birdclef-2025/train_audio/roahaw/XC296572.ogg,roahaw,[''],True,False,roahaw
15838,roahaw-XC298870-0,0,/kaggle/input/birdclef-2025/train_audio/roahaw/XC298870.ogg,roahaw,[''],True,False,roahaw
15853,roahaw-XC325906-3,3,/kaggle/input/birdclef-2025/train_audio/roahaw/XC325906.ogg,roahaw,['crcwoo1'],False,True,crcwoo1
15854,roahaw-XC326850-8,8,/kaggle/input/birdclef-2025/train_audio/roahaw/XC326850.ogg,roahaw,[''],True,False,roahaw
15890,roahaw-XC376368-0,0,/kaggle/input/birdclef-2025/train_audio/roahaw/XC376368.ogg,roahaw,[''],True,False,roahaw
15890,roahaw-XC376368-1,1,/kaggle/input/birdclef-2025/train_audio/roahaw/XC376368.ogg,roahaw,[''],True,False,roahaw
15898,roahaw-XC388972-0,0,/kaggle/input/birdclef-2025/train_audio/roahaw/XC388972.ogg,roahaw,[''],True,False,roahaw
15898,roahaw-XC388972-2,2,/kaggle/input/birdclef-2025/train_audio/roahaw/XC388972.ogg,roahaw,[''],True,False,roahaw
15899,roahaw-XC388974-0,0,/kaggle/input/birdclef-2025/train_audio/roahaw/XC388974.ogg,roahaw,[''],True,False,roahaw
15899,roahaw-XC388974-2,2,/kaggle/input/birdclef-2025/train_audio/roahaw/XC388974.ogg,roahaw,[''],True,False,roahaw
15901,roahaw-XC390055-13,13,/kaggle/input/birdclef-2025/train_audio/roahaw/XC390055.ogg,roahaw,"['butsal1', 'yebsee1', 'crbtan1', 'trokin', 'rugdov', 'thbeup1']",True,False,roahaw
15906,roahaw-XC398766-2,2,/kaggle/input/birdclef-2025/train_audio/roahaw/XC398766.ogg,roahaw,[''],True,False,roahaw
15926,roahaw-XC436166-0,0,/kaggle/input/birdclef-2025/train_audio/roahaw/XC436166.ogg,roahaw,[''],True,False,roahaw
15935,roahaw-XC443972-1,1,/kaggle/input/birdclef-2025/train_audio/roahaw/XC443972.ogg,roahaw,[''],True,False,roahaw
15947,roahaw-XC455647-12,12,/kaggle/input/birdclef-2025/train_audio/roahaw/XC455647.ogg,roahaw,[''],True,False,roahaw
15962,roahaw-XC490270-5,5,/kaggle/input/birdclef-2025/train_audio/roahaw/XC490270.ogg,roahaw,"['linwoo1', 'socfly1']",True,False,roahaw
15976,roahaw-XC51323-0,0,/kaggle/input/birdclef-2025/train_audio/roahaw/XC51323.ogg,roahaw,[''],True,False,roahaw
15992,roahaw-XC52690-0,0,/kaggle/input/birdclef-2025/train_audio/roahaw/XC52690.ogg,roahaw,[''],True,False,roahaw
15992,roahaw-XC52690-1,1,/kaggle/input/birdclef-2025/train_audio/roahaw/XC52690.ogg,roahaw,[''],True,False,roahaw
15992,roahaw-XC52690-2,2,/kaggle/input/birdclef-2025/train_audio/roahaw/XC52690.ogg,roahaw,[''],True,False,roahaw
15992,roahaw-XC52690-3,3,/kaggle/input/birdclef-2025/train_audio/roahaw/XC52690.ogg,roahaw,[''],True,False,roahaw
15992,roahaw-XC52690-4,4,/kaggle/input/birdclef-2025/train_audio/roahaw/XC52690.ogg,roahaw,[''],True,False,roahaw
16009,roahaw-XC556561-0,0,/kaggle/input/birdclef-2025/train_audio/roahaw/XC556561.ogg,roahaw,"['whtdov', 'yebfly1']",True,False,roahaw
16039,roahaw-XC616860-0,0,/kaggle/input/birdclef-2025/train_audio/roahaw/XC616860.ogg,roahaw,[''],True,False,roahaw
16056,roahaw-XC680705-4,4,/kaggle/input/birdclef-2025/train_audio/roahaw/XC680705.ogg,roahaw,[''],True,False,roahaw
16063,roahaw-XC704725-15,15,/kaggle/input/birdclef-2025/train_audio/roahaw/XC704725.ogg,roahaw,"['creoro1', 'pirfly1']",True,False,roahaw
16069,roahaw-XC716349-0,0,/kaggle/input/birdclef-2025/train_audio/roahaw/XC716349.ogg,roahaw,[''],True,False,roahaw
16116,roahaw-XC825895-3,3,/kaggle/input/birdclef-2025/train_audio/roahaw/XC825895.ogg,roahaw,[''],True,False,roahaw
16132,roahaw-XC85408-1,1,/kaggle/input/birdclef-2025/train_audio/roahaw/XC85408.ogg,roahaw,[''],True,False,roahaw
16132,roahaw-XC85408-2,2,/kaggle/input/birdclef-2025/train_audio/roahaw/XC85408.ogg,roahaw,[''],True,False,roahaw
16141,roahaw-XC872249-0,0,/kaggle/input/birdclef-2025/train_audio/roahaw/XC872249.ogg,roahaw,[''],True,False,roahaw
16141,roahaw-XC872249-2,2,/kaggle/input/birdclef-2025/train_audio/roahaw/XC872249.ogg,roahaw,[''],True,False,roahaw
16161,roahaw-XC937876-3,3,/kaggle/input/birdclef-2025/train_audio/roahaw/XC937876.ogg,roahaw,[''],True,False,roahaw
16171,roahaw-XC956031-2,2,/kaggle/input/birdclef-2025/train_audio/roahaw/XC956031.ogg,roahaw,['strfly1'],True,False,roahaw
16178,roahaw-iNat1061635-1,1,/kaggle/input/birdclef-2025/train_audio/roahaw/iNat1061635.ogg,roahaw,[''],True,False,roahaw
16279,roahaw-iNat523252-1,1,/kaggle/input/birdclef-2025/train_audio/roahaw/iNat523252.ogg,roahaw,[''],True,False,roahaw
16355,roahaw-iNat855370-1,1,/kaggle/input/birdclef-2025/train_audio/roahaw/iNat855370.ogg,roahaw,[''],True,False,roahaw
17161,ruther1-XC243694-11,11,/kaggle/input/birdclef-2025/train_audio/ruther1/XC243694.ogg,ruther1,['compau'],True,False,ruther1
17161,ruther1-XC243694-20,20,/kaggle/input/birdclef-2025/train_audio/ruther1/XC243694.ogg,ruther1,['compau'],True,False,ruther1
17161,ruther1-XC243694-21,21,/kaggle/input/birdclef-2025/train_audio/ruther1/XC243694.ogg,ruther1,['compau'],True,False,ruther1
17172,ruther1-XC300937-0,0,/kaggle/input/birdclef-2025/train_audio/ruther1/XC300937.ogg,ruther1,[''],True,False,ruther1
17172,ruther1-XC300937-2,2,/kaggle/input/birdclef-2025/train_audio/ruther1/XC300937.ogg,ruther1,[''],True,False,ruther1
17172,ruther1-XC300937-3,3,/kaggle/input/birdclef-2025/train_audio/ruther1/XC300937.ogg,ruther1,[''],True,False,ruther1
17172,ruther1-XC300937-5,5,/kaggle/input/birdclef-2025/train_audio/ruther1/XC300937.ogg,ruther1,[''],True,False,ruther1
17174,ruther1-XC300939-0,0,/kaggle/input/birdclef-2025/train_audio/ruther1/XC300939.ogg,ruther1,[''],True,False,ruther1
17174,ruther1-XC300939-1,1,/kaggle/input/birdclef-2025/train_audio/ruther1/XC300939.ogg,ruther1,[''],True,False,ruther1
17272,rutjac1-XC261831-0,0,/kaggle/input/birdclef-2025/train_audio/rutjac1/XC261831.ogg,rutjac1,['rumfly1'],True,False,rutjac1
17278,rutjac1-XC275286-0,0,/kaggle/input/birdclef-2025/train_audio/rutjac1/XC275286.ogg,rutjac1,['pirfly1'],True,False,rutjac1
17318,rutjac1-XC388078-1,1,/kaggle/input/birdclef-2025/train_audio/rutjac1/XC388078.ogg,rutjac1,[''],True,False,rutjac1
17347,rutjac1-XC489597-0,0,/kaggle/input/birdclef-2025/train_audio/rutjac1/XC489597.ogg,rutjac1,[''],True,False,rutjac1
17347,rutjac1-XC489597-3,3,/kaggle/input/birdclef-2025/train_audio/rutjac1/XC489597.ogg,rutjac1,[''],True,False,rutjac1
17362,rutjac1-XC54936-0,0,/kaggle/input/birdclef-2025/train_audio/rutjac1/XC54936.ogg,rutjac1,[''],True,False,rutjac1
17363,rutjac1-XC54937-0,0,/kaggle/input/birdclef-2025/train_audio/rutjac1/XC54937.ogg,rutjac1,[''],True,False,rutjac1
17363,rutjac1-XC54937-1,1,/kaggle/input/birdclef-2025/train_audio/rutjac1/XC54937.ogg,rutjac1,[''],True,False,rutjac1
17364,rutjac1-XC54938-0,0,/kaggle/input/birdclef-2025/train_audio/rutjac1/XC54938.ogg,rutjac1,[''],True,False,rutjac1
17364,rutjac1-XC54938-1,1,/kaggle/input/birdclef-2025/train_audio/rutjac1/XC54938.ogg,rutjac1,[''],True,False,rutjac1
17365,rutjac1-XC54939-0,0,/kaggle/input/birdclef-2025/train_audio/rutjac1/XC54939.ogg,rutjac1,[''],True,False,rutjac1
17365,rutjac1-XC54939-1,1,/kaggle/input/birdclef-2025/train_audio/rutjac1/XC54939.ogg,rutjac1,[''],True,False,rutjac1
17366,rutjac1-XC54940-1,1,/kaggle/input/birdclef-2025/train_audio/rutjac1/XC54940.ogg,rutjac1,[''],True,False,rutjac1
17399,rutjac1-XC705033-13,13,/kaggle/input/birdclef-2025/train_audio/rutjac1/XC705033.ogg,rutjac1,"['creoro1', 'yeofly1']",False,True,yeofly1
17507,saffin-XC127043-8,8,/kaggle/input/birdclef-2025/train_audio/saffin/XC127043.ogg,saffin,"['whtdov', 'grekis']",True,False,saffin
17536,saffin-XC245147-3,3,/kaggle/input/birdclef-2025/train_audio/saffin/XC245147.ogg,saffin,[''],True,False,saffin
17536,saffin-XC245147-11,11,/kaggle/input/birdclef-2025/train_audio/saffin/XC245147.ogg,saffin,[''],True,False,saffin
17640,saffin-XC582161-2,2,/kaggle/input/birdclef-2025/train_audio/saffin/XC582161.ogg,saffin,[''],True,False,saffin
17681,saffin-XC753594-4,4,/kaggle/input/birdclef-2025/train_audio/saffin/XC753594.ogg,saffin,['banana'],False,True,banana
17900,saffin-iNat874307-0,0,/kaggle/input/birdclef-2025/train_audio/saffin/iNat874307.ogg,saffin,[''],True,False,saffin
17900,saffin-iNat874307-4,4,/kaggle/input/birdclef-2025/train_audio/saffin/iNat874307.ogg,saffin,[''],True,False,saffin
18021,secfly1-XC297413-1,1,/kaggle/input/birdclef-2025/train_audio/secfly1/XC297413.ogg,secfly1,[''],True,False,secfly1
18035,secfly1-XC385731-0,0,/kaggle/input/birdclef-2025/train_audio/secfly1/XC385731.ogg,secfly1,[''],True,False,secfly1
18089,secfly1-XC63602-0,0,/kaggle/input/birdclef-2025/train_audio/secfly1/XC63602.ogg,secfly1,[''],True,False,secfly1
18285,smbani-XC171392-0,0,/kaggle/input/birdclef-2025/train_audio/smbani/XC171392.ogg,smbani,[''],True,False,smbani
18361,smbani-XC364817-1,1,/kaggle/input/birdclef-2025/train_audio/smbani/XC364817.ogg,smbani,[''],True,False,smbani
18376,smbani-XC387847-2,2,/kaggle/input/birdclef-2025/train_audio/smbani/XC387847.ogg,smbani,[''],True,False,smbani
18461,smbani-XC722400-3,3,/kaggle/input/birdclef-2025/train_audio/smbani/XC722400.ogg,smbani,['banana'],False,True,banana
18461,smbani-XC722400-6,6,/kaggle/input/birdclef-2025/train_audio/smbani/XC722400.ogg,smbani,['banana'],False,True,banana
18461,smbani-XC722400-10,10,/kaggle/input/birdclef-2025/train_audio/smbani/XC722400.ogg,smbani,['banana'],False,True,banana
18461,smbani-XC722400-11,11,/kaggle/input/birdclef-2025/train_audio/smbani/XC722400.ogg,smbani,['banana'],False,True,banana
18689,sobtyr1-XC171644-6,6,/kaggle/input/birdclef-2025/train_audio/sobtyr1/XC171644.ogg,sobtyr1,[''],True,False,sobtyr1
18823,sobtyr1-XC451885-1,1,/kaggle/input/birdclef-2025/train_audio/sobtyr1/XC451885.ogg,sobtyr1,[''],True,False,sobtyr1
18843,sobtyr1-XC493370-8,8,/kaggle/input/birdclef-2025/train_audio/sobtyr1/XC493370.ogg,sobtyr1,"['recwoo1', 'grekis']",True,False,sobtyr1
18898,sobtyr1-XC627416-0,0,/kaggle/input/birdclef-2025/train_audio/sobtyr1/XC627416.ogg,sobtyr1,[''],True,False,sobtyr1
18898,sobtyr1-XC627416-3,3,/kaggle/input/birdclef-2025/train_audio/sobtyr1/XC627416.ogg,sobtyr1,[''],True,False,sobtyr1
19284,socfly1-XC441811-2,2,/kaggle/input/birdclef-2025/train_audio/socfly1/XC441811.ogg,socfly1,"['whtdov', 'trokin', 'grekis']",False,True,grekis
19328,socfly1-XC497713-22,22,/kaggle/input/birdclef-2025/train_audio/socfly1/XC497713.ogg,socfly1,"['whtdov', 'mastit1']",True,False,socfly1
21856,strher-XC120021-2,2,/kaggle/input/birdclef-2025/train_audio/strher/XC120021.ogg,strher,['grekis'],True,False,strher
21868,strher-XC247433-28,28,/kaggle/input/birdclef-2025/train_audio/strher/XC247433.ogg,strher,"['yebela1', 'yecspi2', 'grekis', 'rugdov']",True,False,strher
21920,strher-XC524930-0,0,/kaggle/input/birdclef-2025/train_audio/strher/XC524930.ogg,strher,[''],True,False,strher
21920,strher-XC524930-2,2,/kaggle/input/birdclef-2025/train_audio/strher/XC524930.ogg,strher,[''],True,False,strher
21920,strher-XC524930-3,3,/kaggle/input/birdclef-2025/train_audio/strher/XC524930.ogg,strher,[''],True,False,strher
21920,strher-XC524930-4,4,/kaggle/input/birdclef-2025/train_audio/strher/XC524930.ogg,strher,[''],True,False,strher
21920,strher-XC524930-5,5,/kaggle/input/birdclef-2025/train_audio/strher/XC524930.ogg,strher,[''],True,False,strher
21997,strher-XC946033-0,0,/kaggle/input/birdclef-2025/train_audio/strher/XC946033.ogg,strher,[''],True,False,strher
21997,strher-XC946033-1,1,/kaggle/input/birdclef-2025/train_audio/strher/XC946033.ogg,strher,[''],True,False,strher
22042,strowl1-XC234363-9,9,/kaggle/input/birdclef-2025/train_audio/strowl1/XC234363.ogg,strowl1,[''],True,False,strowl1
22059,strowl1-XC387656-2,2,/kaggle/input/birdclef-2025/train_audio/strowl1/XC387656.ogg,strowl1,[''],True,False,strowl1
22065,strowl1-XC399331-1,1,/kaggle/input/birdclef-2025/train_audio/strowl1/XC399331.ogg,strowl1,[''],True,False,strowl1
22073,strowl1-XC442471-0,0,/kaggle/input/birdclef-2025/train_audio/strowl1/XC442471.ogg,strowl1,[''],True,False,strowl1
22073,strowl1-XC442471-3,3,/kaggle/input/birdclef-2025/train_audio/strowl1/XC442471.ogg,strowl1,[''],True,False,strowl1
22091,strowl1-XC51627-2,2,/kaggle/input/birdclef-2025/train_audio/strowl1/XC51627.ogg,strowl1,[''],True,False,strowl1
22105,strowl1-XC564678-3,3,/kaggle/input/birdclef-2025/train_audio/strowl1/XC564678.ogg,strowl1,[''],True,False,strowl1
22107,strowl1-XC577721-20,20,/kaggle/input/birdclef-2025/train_audio/strowl1/XC577721.ogg,strowl1,[''],True,False,strowl1
22120,strowl1-XC670805-1,1,/kaggle/input/birdclef-2025/train_audio/strowl1/XC670805.ogg,strowl1,[''],True,False,strowl1
22120,strowl1-XC670805-2,2,/kaggle/input/birdclef-2025/train_audio/strowl1/XC670805.ogg,strowl1,[''],True,False,strowl1
22120,strowl1-XC670805-4,4,/kaggle/input/birdclef-2025/train_audio/strowl1/XC670805.ogg,strowl1,[''],True,False,strowl1
22146,strowl1-iNat1142417-0,0,/kaggle/input/birdclef-2025/train_audio/strowl1/iNat1142417.ogg,strowl1,[''],True,False,strowl1
22161,strowl1-iNat1273724-0,0,/kaggle/input/birdclef-2025/train_audio/strowl1/iNat1273724.ogg,strowl1,[''],True,False,strowl1
22162,strowl1-iNat135708-0,0,/kaggle/input/birdclef-2025/train_audio/strowl1/iNat135708.ogg,strowl1,[''],True,False,strowl1
22590,trokin-XC28583-0,0,/kaggle/input/birdclef-2025/train_audio/trokin/XC28583.ogg,trokin,"['yebela1', 'compau']",True,False,trokin
22623,trokin-XC347716-0,0,/kaggle/input/birdclef-2025/train_audio/trokin/XC347716.ogg,trokin,['grekis'],False,True,grekis
22623,trokin-XC347716-1,1,/kaggle/input/birdclef-2025/train_audio/trokin/XC347716.ogg,trokin,['grekis'],False,True,grekis
22623,trokin-XC347716-2,2,/kaggle/input/birdclef-2025/train_audio/trokin/XC347716.ogg,trokin,['grekis'],False,True,grekis
22644,trokin-XC387102-0,0,/kaggle/input/birdclef-2025/train_audio/trokin/XC387102.ogg,trokin,[''],True,False,trokin
23278,tropar-XC130630-6,6,/kaggle/input/birdclef-2025/train_audio/tropar/XC130630.ogg,tropar,[''],True,False,tropar
23278,tropar-XC130630-8,8,/kaggle/input/birdclef-2025/train_audio/tropar/XC130630.ogg,tropar,[''],True,False,tropar
23278,tropar-XC130630-14,14,/kaggle/input/birdclef-2025/train_audio/tropar/XC130630.ogg,tropar,[''],True,False,tropar
23278,tropar-XC130630-15,15,/kaggle/input/birdclef-2025/train_audio/tropar/XC130630.ogg,tropar,[''],True,False,tropar
23278,tropar-XC130630-19,19,/kaggle/input/birdclef-2025/train_audio/tropar/XC130630.ogg,tropar,[''],True,False,tropar
23465,tropar-XC63838-0,0,/kaggle/input/birdclef-2025/train_audio/tropar/XC63838.ogg,tropar,[''],True,False,tropar
23465,tropar-XC63838-1,1,/kaggle/input/birdclef-2025/train_audio/tropar/XC63838.ogg,tropar,[''],True,False,tropar
23465,tropar-XC63838-2,2,/kaggle/input/birdclef-2025/train_audio/tropar/XC63838.ogg,tropar,[''],True,False,tropar
23518,tropar-XC84605-2,2,/kaggle/input/birdclef-2025/train_audio/tropar/XC84605.ogg,tropar,['banana'],False,True,banana
23518,tropar-XC84605-4,4,/kaggle/input/birdclef-2025/train_audio/tropar/XC84605.ogg,tropar,['banana'],False,True,banana
23549,tropar-XC927183-0,0,/kaggle/input/birdclef-2025/train_audio/tropar/XC927183.ogg,tropar,[''],True,False,tropar
23549,tropar-XC927183-3,3,/kaggle/input/birdclef-2025/train_audio/tropar/XC927183.ogg,tropar,[''],True,False,tropar
23662,trsowl-XC114099-1,1,/kaggle/input/birdclef-2025/train_audio/trsowl/XC114099.ogg,trsowl,[''],True,False,trsowl
23662,trsowl-XC114099-2,2,/kaggle/input/birdclef-2025/train_audio/trsowl/XC114099.ogg,trsowl,[''],True,False,trsowl
23662,trsowl-XC114099-3,3,/kaggle/input/birdclef-2025/train_audio/trsowl/XC114099.ogg,trsowl,[''],True,False,trsowl
23662,trsowl-XC114099-4,4,/kaggle/input/birdclef-2025/train_audio/trsowl/XC114099.ogg,trsowl,[''],True,False,trsowl
23662,trsowl-XC114099-5,5,/kaggle/input/birdclef-2025/train_audio/trsowl/XC114099.ogg,trsowl,[''],True,False,trsowl
23662,trsowl-XC114099-6,6,/kaggle/input/birdclef-2025/train_audio/trsowl/XC114099.ogg,trsowl,[''],True,False,trsowl
23662,trsowl-XC114099-8,8,/kaggle/input/birdclef-2025/train_audio/trsowl/XC114099.ogg,trsowl,[''],True,False,trsowl
23662,trsowl-XC114099-9,9,/kaggle/input/birdclef-2025/train_audio/trsowl/XC114099.ogg,trsowl,[''],True,False,trsowl
23662,trsowl-XC114099-13,13,/kaggle/input/birdclef-2025/train_audio/trsowl/XC114099.ogg,trsowl,[''],True,False,trsowl
23662,trsowl-XC114099-15,15,/kaggle/input/birdclef-2025/train_audio/trsowl/XC114099.ogg,trsowl,[''],True,False,trsowl
23662,trsowl-XC114099-16,16,/kaggle/input/birdclef-2025/train_audio/trsowl/XC114099.ogg,trsowl,[''],True,False,trsowl
23662,trsowl-XC114099-17,17,/kaggle/input/birdclef-2025/train_audio/trsowl/XC114099.ogg,trsowl,[''],True,False,trsowl
23662,trsowl-XC114099-19,19,/kaggle/input/birdclef-2025/train_audio/trsowl/XC114099.ogg,trsowl,[''],True,False,trsowl
23666,trsowl-XC118111-0,0,/kaggle/input/birdclef-2025/train_audio/trsowl/XC118111.ogg,trsowl,['compot1'],True,False,trsowl
23678,trsowl-XC154674-11,11,/kaggle/input/birdclef-2025/train_audio/trsowl/XC154674.ogg,trsowl,[''],True,False,trsowl
23687,trsowl-XC203422-0,0,/kaggle/input/birdclef-2025/train_audio/trsowl/XC203422.ogg,trsowl,[''],True,False,trsowl
23692,trsowl-XC215870-0,0,/kaggle/input/birdclef-2025/train_audio/trsowl/XC215870.ogg,trsowl,[''],True,False,trsowl
23710,trsowl-XC257739-0,0,/kaggle/input/birdclef-2025/train_audio/trsowl/XC257739.ogg,trsowl,[''],True,False,trsowl
23710,trsowl-XC257739-3,3,/kaggle/input/birdclef-2025/train_audio/trsowl/XC257739.ogg,trsowl,[''],True,False,trsowl
23712,trsowl-XC260420-0,0,/kaggle/input/birdclef-2025/train_audio/trsowl/XC260420.ogg,trsowl,[''],True,False,trsowl
23712,trsowl-XC260420-1,1,/kaggle/input/birdclef-2025/train_audio/trsowl/XC260420.ogg,trsowl,[''],True,False,trsowl
23726,trsowl-XC299727-2,2,/kaggle/input/birdclef-2025/train_audio/trsowl/XC299727.ogg,trsowl,[''],True,False,trsowl
23752,trsowl-XC413096-1,1,/kaggle/input/birdclef-2025/train_audio/trsowl/XC413096.ogg,trsowl,[''],True,False,trsowl
23752,trsowl-XC413096-4,4,/kaggle/input/birdclef-2025/train_audio/trsowl/XC413096.ogg,trsowl,[''],True,False,trsowl
23776,trsowl-XC457353-13,13,/kaggle/input/birdclef-2025/train_audio/trsowl/XC457353.ogg,trsowl,[''],True,False,trsowl
23776,trsowl-XC457353-14,14,/kaggle/input/birdclef-2025/train_audio/trsowl/XC457353.ogg,trsowl,[''],True,False,trsowl
23776,trsowl-XC457353-15,15,/kaggle/input/birdclef-2025/train_audio/trsowl/XC457353.ogg,trsowl,[''],True,False,trsowl
23776,trsowl-XC457353-16,16,/kaggle/input/birdclef-2025/train_audio/trsowl/XC457353.ogg,trsowl,[''],True,False,trsowl
23776,trsowl-XC457353-17,17,/kaggle/input/birdclef-2025/train_audio/trsowl/XC457353.ogg,trsowl,[''],True,False,trsowl
23782,trsowl-XC479561-5,5,/kaggle/input/birdclef-2025/train_audio/trsowl/XC479561.ogg,trsowl,[''],True,False,trsowl
23791,trsowl-XC497972-3,3,/kaggle/input/birdclef-2025/train_audio/trsowl/XC497972.ogg,trsowl,[''],True,False,trsowl
23802,trsowl-XC516218-4,4,/kaggle/input/birdclef-2025/train_audio/trsowl/XC516218.ogg,trsowl,[''],True,False,trsowl
23804,trsowl-XC51902-1,1,/kaggle/input/birdclef-2025/train_audio/trsowl/XC51902.ogg,trsowl,[''],True,False,trsowl
23815,trsowl-XC532379-0,0,/kaggle/input/birdclef-2025/train_audio/trsowl/XC532379.ogg,trsowl,[''],True,False,trsowl
23825,trsowl-XC551591-4,4,/kaggle/input/birdclef-2025/train_audio/trsowl/XC551591.ogg,trsowl,[''],True,False,trsowl
23851,trsowl-XC597616-3,3,/kaggle/input/birdclef-2025/train_audio/trsowl/XC597616.ogg,trsowl,[''],True,False,trsowl
23860,trsowl-XC620645-0,0,/kaggle/input/birdclef-2025/train_audio/trsowl/XC620645.ogg,trsowl,[''],True,False,trsowl
23860,trsowl-XC620645-2,2,/kaggle/input/birdclef-2025/train_audio/trsowl/XC620645.ogg,trsowl,[''],True,False,trsowl
23862,trsowl-XC622448-0,0,/kaggle/input/birdclef-2025/train_audio/trsowl/XC622448.ogg,trsowl,[''],True,False,trsowl
23871,trsowl-XC676376-2,2,/kaggle/input/birdclef-2025/train_audio/trsowl/XC676376.ogg,trsowl,[''],True,False,trsowl
23909,trsowl-XC824275-3,3,/kaggle/input/birdclef-2025/train_audio/trsowl/XC824275.ogg,trsowl,[''],True,False,trsowl
23909,trsowl-XC824275-5,5,/kaggle/input/birdclef-2025/train_audio/trsowl/XC824275.ogg,trsowl,[''],True,False,trsowl
23925,trsowl-XC895826-24,24,/kaggle/input/birdclef-2025/train_audio/trsowl/XC895826.ogg,trsowl,[''],True,False,trsowl
23925,trsowl-XC895826-26,26,/kaggle/input/birdclef-2025/train_audio/trsowl/XC895826.ogg,trsowl,[''],True,False,trsowl
23925,trsowl-XC895826-34,34,/kaggle/input/birdclef-2025/train_audio/trsowl/XC895826.ogg,trsowl,[''],True,False,trsowl
23932,trsowl-XC927234-23,23,/kaggle/input/birdclef-2025/train_audio/trsowl/XC927234.ogg,trsowl,[''],True,False,trsowl
23977,trsowl-iNat1270798-0,0,/kaggle/input/birdclef-2025/train_audio/trsowl/iNat1270798.ogg,trsowl,[''],True,False,trsowl
23977,trsowl-iNat1270798-2,2,/kaggle/input/birdclef-2025/train_audio/trsowl/iNat1270798.ogg,trsowl,[''],True,False,trsowl
24022,trsowl-iNat338664-0,0,/kaggle/input/birdclef-2025/train_audio/trsowl/iNat338664.ogg,trsowl,[''],True,False,trsowl
24022,trsowl-iNat338664-1,1,/kaggle/input/birdclef-2025/train_audio/trsowl/iNat338664.ogg,trsowl,[''],True,False,trsowl
24022,trsowl-iNat338664-9,9,/kaggle/input/birdclef-2025/train_audio/trsowl/iNat338664.ogg,trsowl,[''],True,False,trsowl
24058,trsowl-iNat522733-0,0,/kaggle/input/birdclef-2025/train_audio/trsowl/iNat522733.ogg,trsowl,[''],True,False,trsowl
24127,trsowl-iNat942036-6,6,/kaggle/input/birdclef-2025/train_audio/trsowl/iNat942036.ogg,trsowl,[''],True,False,trsowl
24132,turvul-XC520287-2,2,/kaggle/input/birdclef-2025/train_audio/turvul/XC520287.ogg,turvul,[''],True,False,turvul
24132,turvul-XC520287-3,3,/kaggle/input/birdclef-2025/train_audio/turvul/XC520287.ogg,turvul,[''],True,False,turvul
24132,turvul-XC520287-4,4,/kaggle/input/birdclef-2025/train_audio/turvul/XC520287.ogg,turvul,[''],True,False,turvul
24132,turvul-XC520287-6,6,/kaggle/input/birdclef-2025/train_audio/turvul/XC520287.ogg,turvul,[''],True,False,turvul
24132,turvul-XC520287-10,10,/kaggle/input/birdclef-2025/train_audio/turvul/XC520287.ogg,turvul,[''],True,False,turvul
24133,turvul-XC520288-0,0,/kaggle/input/birdclef-2025/train_audio/turvul/XC520288.ogg,turvul,[''],True,False,turvul
24133,turvul-XC520288-1,1,/kaggle/input/birdclef-2025/train_audio/turvul/XC520288.ogg,turvul,[''],True,False,turvul
24362,wbwwre1-XC128375-1,1,/kaggle/input/birdclef-2025/train_audio/wbwwre1/XC128375.ogg,wbwwre1,[''],True,False,wbwwre1
24367,wbwwre1-XC135369-1,1,/kaggle/input/birdclef-2025/train_audio/wbwwre1/XC135369.ogg,wbwwre1,[''],True,False,wbwwre1
24367,wbwwre1-XC135369-2,2,/kaggle/input/birdclef-2025/train_audio/wbwwre1/XC135369.ogg,wbwwre1,[''],True,False,wbwwre1
24540,wbwwre1-XC373450-0,0,/kaggle/input/birdclef-2025/train_audio/wbwwre1/XC373450.ogg,wbwwre1,['whttro1'],True,False,wbwwre1
24616,wbwwre1-XC478803-2,2,/kaggle/input/birdclef-2025/train_audio/wbwwre1/XC478803.ogg,wbwwre1,[''],True,False,wbwwre1
24616,wbwwre1-XC478803-4,4,/kaggle/input/birdclef-2025/train_audio/wbwwre1/XC478803.ogg,wbwwre1,[''],True,False,wbwwre1
24616,wbwwre1-XC478803-6,6,/kaggle/input/birdclef-2025/train_audio/wbwwre1/XC478803.ogg,wbwwre1,[''],True,False,wbwwre1
24616,wbwwre1-XC478803-7,7,/kaggle/input/birdclef-2025/train_audio/wbwwre1/XC478803.ogg,wbwwre1,[''],True,False,wbwwre1
24624,wbwwre1-XC519204-25,25,/kaggle/input/birdclef-2025/train_audio/wbwwre1/XC519204.ogg,wbwwre1,[''],True,False,wbwwre1
24652,wbwwre1-XC525554-2,2,/kaggle/input/birdclef-2025/train_audio/wbwwre1/XC525554.ogg,wbwwre1,[''],True,False,wbwwre1
24699,wbwwre1-XC55729-1,1,/kaggle/input/birdclef-2025/train_audio/wbwwre1/XC55729.ogg,wbwwre1,[''],True,False,wbwwre1
24699,wbwwre1-XC55729-3,3,/kaggle/input/birdclef-2025/train_audio/wbwwre1/XC55729.ogg,wbwwre1,[''],True,False,wbwwre1
24874,whbant1-XC384418-6,6,/kaggle/input/birdclef-2025/train_audio/whbant1/XC384418.ogg,whbant1,"['bubwre1', 'pirfly1']",True,False,whbant1
24883,whbant1-XC412468-3,3,/kaggle/input/birdclef-2025/train_audio/whbant1/XC412468.ogg,whbant1,[''],True,False,whbant1
24909,whbant1-XC55813-0,0,/kaggle/input/birdclef-2025/train_audio/whbant1/XC55813.ogg,whbant1,[''],True,False,whbant1
24909,whbant1-XC55813-3,3,/kaggle/input/birdclef-2025/train_audio/whbant1/XC55813.ogg,whbant1,[''],True,False,whbant1
24910,whbant1-XC55814-8,8,/kaggle/input/birdclef-2025/train_audio/whbant1/XC55814.ogg,whbant1,[''],True,False,whbant1
24964,whbman1-XC172952-2,2,/kaggle/input/birdclef-2025/train_audio/whbman1/XC172952.ogg,whbman1,['banana'],False,True,banana
24971,whbman1-XC187779-2,2,/kaggle/input/birdclef-2025/train_audio/whbman1/XC187779.ogg,whbman1,[''],True,False,whbman1
24971,whbman1-XC187779-7,7,/kaggle/input/birdclef-2025/train_audio/whbman1/XC187779.ogg,whbman1,[''],True,False,whbman1
24980,whbman1-XC205278-0,0,/kaggle/input/birdclef-2025/train_audio/whbman1/XC205278.ogg,whbman1,[''],True,False,whbman1
24980,whbman1-XC205278-6,6,/kaggle/input/birdclef-2025/train_audio/whbman1/XC205278.ogg,whbman1,[''],True,False,whbman1
24992,whbman1-XC233483-1,1,/kaggle/input/birdclef-2025/train_audio/whbman1/XC233483.ogg,whbman1,[''],True,False,whbman1
24995,whbman1-XC245388-22,22,/kaggle/input/birdclef-2025/train_audio/whbman1/XC245388.ogg,whbman1,[''],True,False,whbman1
25006,whbman1-XC248885-0,0,/kaggle/input/birdclef-2025/train_audio/whbman1/XC248885.ogg,whbman1,[''],True,False,whbman1
25006,whbman1-XC248885-1,1,/kaggle/input/birdclef-2025/train_audio/whbman1/XC248885.ogg,whbman1,[''],True,False,whbman1
25006,whbman1-XC248885-2,2,/kaggle/input/birdclef-2025/train_audio/whbman1/XC248885.ogg,whbman1,[''],True,False,whbman1
25009,whbman1-XC259107-1,1,/kaggle/input/birdclef-2025/train_audio/whbman1/XC259107.ogg,whbman1,[''],True,False,whbman1
25010,whbman1-XC259108-1,1,/kaggle/input/birdclef-2025/train_audio/whbman1/XC259108.ogg,whbman1,[''],True,False,whbman1
25035,whbman1-XC298869-0,0,/kaggle/input/birdclef-2025/train_audio/whbman1/XC298869.ogg,whbman1,[''],True,False,whbman1
25040,whbman1-XC317737-0,0,/kaggle/input/birdclef-2025/train_audio/whbman1/XC317737.ogg,whbman1,[''],True,False,whbman1
25097,whbman1-XC537821-5,5,/kaggle/input/birdclef-2025/train_audio/whbman1/XC537821.ogg,whbman1,[''],True,False,whbman1
25103,whbman1-XC54244-9,9,/kaggle/input/birdclef-2025/train_audio/whbman1/XC54244.ogg,whbman1,[''],True,False,whbman1
25113,whbman1-XC603376-0,0,/kaggle/input/birdclef-2025/train_audio/whbman1/XC603376.ogg,whbman1,[''],True,False,whbman1
25163,whbman1-XC8813-4,4,/kaggle/input/birdclef-2025/train_audio/whbman1/XC8813.ogg,whbman1,[''],True,False,whbman1
25632,whtdov-XC703709-0,0,/kaggle/input/birdclef-2025/train_audio/whtdov/XC703709.ogg,whtdov,"['strcuc1', 'yehcar1', 'bobfly1', 'creoro1', 'cattyr', 'yercac1', 'grekis', 'pavpig2', 'baymac']",False,True,creoro1
25632,whtdov-XC703709-46,46,/kaggle/input/birdclef-2025/train_audio/whtdov/XC703709.ogg,whtdov,"['strcuc1', 'yehcar1', 'bobfly1', 'creoro1', 'cattyr', 'yercac1', 'grekis', 'pavpig2', 'baymac']",False,True,creoro1
26455,yebela1-XC841383-1,1,/kaggle/input/birdclef-2025/train_audio/yebela1/XC841383.ogg,yebela1,[''],True,False,yebela1
26706,yebsee1-XC129720-3,3,/kaggle/input/birdclef-2025/train_audio/yebsee1/XC129720.ogg,yebsee1,"['yebela1', 'banana']",False,True,banana
26706,yebsee1-XC129720-7,7,/kaggle/input/birdclef-2025/train_audio/yebsee1/XC129720.ogg,yebsee1,"['yebela1', 'banana']",False,True,banana
26985,yecspi2-XC524940-1,1,/kaggle/input/birdclef-2025/train_audio/yecspi2/XC524940.ogg,yecspi2,[''],True,False,yecspi2
26985,yecspi2-XC524940-2,2,/kaggle/input/birdclef-2025/train_audio/yecspi2/XC524940.ogg,yecspi2,[''],True,False,yecspi2
26985,yecspi2-XC524940-5,5,/kaggle/input/birdclef-2025/train_audio/yecspi2/XC524940.ogg,yecspi2,[''],True,False,yecspi2
26985,yecspi2-XC524940-7,7,/kaggle/input/birdclef-2025/train_audio/yecspi2/XC524940.ogg,yecspi2,[''],True,False,yecspi2
26998,yecspi2-XC643383-29,29,/kaggle/input/birdclef-2025/train_audio/yecspi2/XC643383.ogg,yecspi2,[''],True,False,yecspi2
27059,yecspi2-XC818207-5,5,/kaggle/input/birdclef-2025/train_audio/yecspi2/XC818207.ogg,yecspi2,[''],True,False,yecspi2
27135,yectyr1-XC251727-0,0,/kaggle/input/birdclef-2025/train_audio/yectyr1/XC251727.ogg,yectyr1,[''],True,False,yectyr1
27176,yectyr1-XC525451-0,0,/kaggle/input/birdclef-2025/train_audio/yectyr1/XC525451.ogg,yectyr1,[''],True,False,yectyr1
27310,yehcar1-XC131345-0,0,/kaggle/input/birdclef-2025/train_audio/yehcar1/XC131345.ogg,yehcar1,[''],True,False,yehcar1
27310,yehcar1-XC131345-6,6,/kaggle/input/birdclef-2025/train_audio/yehcar1/XC131345.ogg,yehcar1,[''],True,False,yehcar1
27311,yehcar1-XC145315-4,4,/kaggle/input/birdclef-2025/train_audio/yehcar1/XC145315.ogg,yehcar1,[''],True,False,yehcar1
27312,yehcar1-XC145593-2,2,/kaggle/input/birdclef-2025/train_audio/yehcar1/XC145593.ogg,yehcar1,[''],True,False,yehcar1
27313,yehcar1-XC148066-0,0,/kaggle/input/birdclef-2025/train_audio/yehcar1/XC148066.ogg,yehcar1,"['bubwre1', 'grekis']",True,False,yehcar1
27313,yehcar1-XC148066-1,1,/kaggle/input/birdclef-2025/train_audio/yehcar1/XC148066.ogg,yehcar1,"['bubwre1', 'grekis']",True,False,yehcar1
27313,yehcar1-XC148066-5,5,/kaggle/input/birdclef-2025/train_audio/yehcar1/XC148066.ogg,yehcar1,"['bubwre1', 'grekis']",True,False,yehcar1
27314,yehcar1-XC148231-0,0,/kaggle/input/birdclef-2025/train_audio/yehcar1/XC148231.ogg,yehcar1,[''],True,False,yehcar1
27314,yehcar1-XC148231-3,3,/kaggle/input/birdclef-2025/train_audio/yehcar1/XC148231.ogg,yehcar1,[''],True,False,yehcar1
27315,yehcar1-XC148233-0,0,/kaggle/input/birdclef-2025/train_audio/yehcar1/XC148233.ogg,yehcar1,[''],True,False,yehcar1
27332,yehcar1-XC157407-0,0,/kaggle/input/birdclef-2025/train_audio/yehcar1/XC157407.ogg,yehcar1,[''],True,False,yehcar1
27345,yehcar1-XC204711-1,1,/kaggle/input/birdclef-2025/train_audio/yehcar1/XC204711.ogg,yehcar1,[''],True,False,yehcar1
27348,yehcar1-XC204715-2,2,/kaggle/input/birdclef-2025/train_audio/yehcar1/XC204715.ogg,yehcar1,[''],True,False,yehcar1
27355,yehcar1-XC244970-1,1,/kaggle/input/birdclef-2025/train_audio/yehcar1/XC244970.ogg,yehcar1,[''],True,False,yehcar1
27355,yehcar1-XC244970-2,2,/kaggle/input/birdclef-2025/train_audio/yehcar1/XC244970.ogg,yehcar1,[''],True,False,yehcar1
27355,yehcar1-XC244970-4,4,/kaggle/input/birdclef-2025/train_audio/yehcar1/XC244970.ogg,yehcar1,[''],True,False,yehcar1
27355,yehcar1-XC244970-5,5,/kaggle/input/birdclef-2025/train_audio/yehcar1/XC244970.ogg,yehcar1,[''],True,False,yehcar1
27355,yehcar1-XC244970-7,7,/kaggle/input/birdclef-2025/train_audio/yehcar1/XC244970.ogg,yehcar1,[''],True,False,yehcar1
27356,yehcar1-XC244971-2,2,/kaggle/input/birdclef-2025/train_audio/yehcar1/XC244971.ogg,yehcar1,[''],True,False,yehcar1
27356,yehcar1-XC244971-5,5,/kaggle/input/birdclef-2025/train_audio/yehcar1/XC244971.ogg,yehcar1,[''],True,False,yehcar1
27356,yehcar1-XC244971-8,8,/kaggle/input/birdclef-2025/train_audio/yehcar1/XC244971.ogg,yehcar1,[''],True,False,yehcar1
27356,yehcar1-XC244971-9,9,/kaggle/input/birdclef-2025/train_audio/yehcar1/XC244971.ogg,yehcar1,[''],True,False,yehcar1
27359,yehcar1-XC288356-2,2,/kaggle/input/birdclef-2025/train_audio/yehcar1/XC288356.ogg,yehcar1,[''],True,False,yehcar1
27359,yehcar1-XC288356-3,3,/kaggle/input/birdclef-2025/train_audio/yehcar1/XC288356.ogg,yehcar1,[''],True,False,yehcar1
27374,yehcar1-XC345959-0,0,/kaggle/input/birdclef-2025/train_audio/yehcar1/XC345959.ogg,yehcar1,[''],True,False,yehcar1
27376,yehcar1-XC345961-0,0,/kaggle/input/birdclef-2025/train_audio/yehcar1/XC345961.ogg,yehcar1,[''],True,False,yehcar1
27381,yehcar1-XC349200-0,0,/kaggle/input/birdclef-2025/train_audio/yehcar1/XC349200.ogg,yehcar1,[''],True,False,yehcar1
27387,yehcar1-XC354330-2,2,/kaggle/input/birdclef-2025/train_audio/yehcar1/XC354330.ogg,yehcar1,[''],True,False,yehcar1
27389,yehcar1-XC363104-0,0,/kaggle/input/birdclef-2025/train_audio/yehcar1/XC363104.ogg,yehcar1,[''],True,False,yehcar1
27391,yehcar1-XC366564-1,1,/kaggle/input/birdclef-2025/train_audio/yehcar1/XC366564.ogg,yehcar1,[''],True,False,yehcar1
27397,yehcar1-XC421390-0,0,/kaggle/input/birdclef-2025/train_audio/yehcar1/XC421390.ogg,yehcar1,[''],True,False,yehcar1
27398,yehcar1-XC422566-0,0,/kaggle/input/birdclef-2025/train_audio/yehcar1/XC422566.ogg,yehcar1,[''],True,False,yehcar1
27399,yehcar1-XC427591-0,0,/kaggle/input/birdclef-2025/train_audio/yehcar1/XC427591.ogg,yehcar1,[''],True,False,yehcar1
27399,yehcar1-XC427591-1,1,/kaggle/input/birdclef-2025/train_audio/yehcar1/XC427591.ogg,yehcar1,[''],True,False,yehcar1
27399,yehcar1-XC427591-2,2,/kaggle/input/birdclef-2025/train_audio/yehcar1/XC427591.ogg,yehcar1,[''],True,False,yehcar1
27399,yehcar1-XC427591-4,4,/kaggle/input/birdclef-2025/train_audio/yehcar1/XC427591.ogg,yehcar1,[''],True,False,yehcar1
27400,yehcar1-XC427592-0,0,/kaggle/input/birdclef-2025/train_audio/yehcar1/XC427592.ogg,yehcar1,[''],True,False,yehcar1
27400,yehcar1-XC427592-4,4,/kaggle/input/birdclef-2025/train_audio/yehcar1/XC427592.ogg,yehcar1,[''],True,False,yehcar1
27403,yehcar1-XC428621-1,1,/kaggle/input/birdclef-2025/train_audio/yehcar1/XC428621.ogg,yehcar1,[''],True,False,yehcar1
27403,yehcar1-XC428621-5,5,/kaggle/input/birdclef-2025/train_audio/yehcar1/XC428621.ogg,yehcar1,[''],True,False,yehcar1
27406,yehcar1-XC435961-0,0,/kaggle/input/birdclef-2025/train_audio/yehcar1/XC435961.ogg,yehcar1,[''],True,False,yehcar1
27407,yehcar1-XC437792-4,4,/kaggle/input/birdclef-2025/train_audio/yehcar1/XC437792.ogg,yehcar1,[''],True,False,yehcar1
27407,yehcar1-XC437792-5,5,/kaggle/input/birdclef-2025/train_audio/yehcar1/XC437792.ogg,yehcar1,[''],True,False,yehcar1
27407,yehcar1-XC437792-7,7,/kaggle/input/birdclef-2025/train_audio/yehcar1/XC437792.ogg,yehcar1,[''],True,False,yehcar1
27432,yehcar1-XC538012-0,0,/kaggle/input/birdclef-2025/train_audio/yehcar1/XC538012.ogg,yehcar1,[''],True,False,yehcar1
27435,yehcar1-XC549471-4,4,/kaggle/input/birdclef-2025/train_audio/yehcar1/XC549471.ogg,yehcar1,[''],True,False,yehcar1
27439,yehcar1-XC570848-1,1,/kaggle/input/birdclef-2025/train_audio/yehcar1/XC570848.ogg,yehcar1,[''],True,False,yehcar1
27439,yehcar1-XC570848-5,5,/kaggle/input/birdclef-2025/train_audio/yehcar1/XC570848.ogg,yehcar1,[''],True,False,yehcar1
27439,yehcar1-XC570848-7,7,/kaggle/input/birdclef-2025/train_audio/yehcar1/XC570848.ogg,yehcar1,[''],True,False,yehcar1
27440,yehcar1-XC573813-0,0,/kaggle/input/birdclef-2025/train_audio/yehcar1/XC573813.ogg,yehcar1,[''],True,False,yehcar1
27440,yehcar1-XC573813-2,2,/kaggle/input/birdclef-2025/train_audio/yehcar1/XC573813.ogg,yehcar1,[''],True,False,yehcar1
27440,yehcar1-XC573813-3,3,/kaggle/input/birdclef-2025/train_audio/yehcar1/XC573813.ogg,yehcar1,[''],True,False,yehcar1
27442,yehcar1-XC58428-1,1,/kaggle/input/birdclef-2025/train_audio/yehcar1/XC58428.ogg,yehcar1,[''],True,False,yehcar1
27454,yehcar1-XC678284-1,1,/kaggle/input/birdclef-2025/train_audio/yehcar1/XC678284.ogg,yehcar1,[''],True,False,yehcar1
27454,yehcar1-XC678284-2,2,/kaggle/input/birdclef-2025/train_audio/yehcar1/XC678284.ogg,yehcar1,[''],True,False,yehcar1
27461,yehcar1-XC724919-2,2,/kaggle/input/birdclef-2025/train_audio/yehcar1/XC724919.ogg,yehcar1,[''],True,False,yehcar1
27467,yehcar1-XC744716-0,0,/kaggle/input/birdclef-2025/train_audio/yehcar1/XC744716.ogg,yehcar1,[''],True,False,yehcar1
27478,yehcar1-XC85224-1,1,/kaggle/input/birdclef-2025/train_audio/yehcar1/XC85224.ogg,yehcar1,[''],True,False,yehcar1
27510,yehcar1-iNat336497-0,0,/kaggle/input/birdclef-2025/train_audio/yehcar1/iNat336497.ogg,yehcar1,[''],True,False,yehcar1
27512,yehcar1-iNat346411-1,1,/kaggle/input/birdclef-2025/train_audio/yehcar1/iNat346411.ogg,yehcar1,[''],True,False,yehcar1
27522,yehcar1-iNat612154-2,2,/kaggle/input/birdclef-2025/train_audio/yehcar1/iNat612154.ogg,yehcar1,[''],True,False,yehcar1
27829,yeofly1-XC456230-1,1,/kaggle/input/birdclef-2025/train_audio/yeofly1/XC456230.ogg,yeofly1,[''],True,False,yeofly1
27865,yeofly1-XC51045-0,0,/kaggle/input/birdclef-2025/train_audio/yeofly1/XC51045.ogg,yeofly1,[''],True,False,yeofly1
27867,yeofly1-XC51047-0,0,/kaggle/input/birdclef-2025/train_audio/yeofly1/XC51047.ogg,yeofly1,[''],True,False,yeofly1
27888,yeofly1-XC550397-0,0,/kaggle/input/birdclef-2025/train_audio/yeofly1/XC550397.ogg,yeofly1,[''],True,False,yeofly1
27908,yeofly1-XC581034-0,0,/kaggle/input/birdclef-2025/train_audio/yeofly1/XC581034.ogg,yeofly1,['grekis'],True,False,yeofly1
27908,yeofly1-XC581034-1,1,/kaggle/input/birdclef-2025/train_audio/yeofly1/XC581034.ogg,yeofly1,['grekis'],True,False,yeofly1
28122,yercac1-XC10489-0,0,/kaggle/input/birdclef-2025/train_audio/yercac1/XC10489.ogg,yercac1,[''],True,False,yercac1
28134,yercac1-XC123261-1,1,/kaggle/input/birdclef-2025/train_audio/yercac1/XC123261.ogg,yercac1,[''],True,False,yercac1
28134,yercac1-XC123261-9,9,/kaggle/input/birdclef-2025/train_audio/yercac1/XC123261.ogg,yercac1,[''],True,False,yercac1
28135,yercac1-XC123271-11,11,/kaggle/input/birdclef-2025/train_audio/yercac1/XC123271.ogg,yercac1,[''],True,False,yercac1
28151,yercac1-XC151360-5,5,/kaggle/input/birdclef-2025/train_audio/yercac1/XC151360.ogg,yercac1,[''],True,False,yercac1
28152,yercac1-XC155417-6,6,/kaggle/input/birdclef-2025/train_audio/yercac1/XC155417.ogg,yercac1,[''],True,False,yercac1
28166,yercac1-XC180707-1,1,/kaggle/input/birdclef-2025/train_audio/yercac1/XC180707.ogg,yercac1,[''],True,False,yercac1
28185,yercac1-XC213480-1,1,/kaggle/input/birdclef-2025/train_audio/yercac1/XC213480.ogg,yercac1,[''],True,False,yercac1
28194,yercac1-XC242280-4,4,/kaggle/input/birdclef-2025/train_audio/yercac1/XC242280.ogg,yercac1,[''],True,False,yercac1
28194,yercac1-XC242280-13,13,/kaggle/input/birdclef-2025/train_audio/yercac1/XC242280.ogg,yercac1,[''],True,False,yercac1
28194,yercac1-XC242280-14,14,/kaggle/input/birdclef-2025/train_audio/yercac1/XC242280.ogg,yercac1,[''],True,False,yercac1
28194,yercac1-XC242280-15,15,/kaggle/input/birdclef-2025/train_audio/yercac1/XC242280.ogg,yercac1,[''],True,False,yercac1
28194,yercac1-XC242280-16,16,/kaggle/input/birdclef-2025/train_audio/yercac1/XC242280.ogg,yercac1,[''],True,False,yercac1
28194,yercac1-XC242280-18,18,/kaggle/input/birdclef-2025/train_audio/yercac1/XC242280.ogg,yercac1,[''],True,False,yercac1
28194,yercac1-XC242280-19,19,/kaggle/input/birdclef-2025/train_audio/yercac1/XC242280.ogg,yercac1,[''],True,False,yercac1
28209,yercac1-XC245378-7,7,/kaggle/input/birdclef-2025/train_audio/yercac1/XC245378.ogg,yercac1,"['pirfly1', 'cargra1']",True,False,yercac1
28211,yercac1-XC245380-19,19,/kaggle/input/birdclef-2025/train_audio/yercac1/XC245380.ogg,yercac1,"['pirfly1', 'cargra1', 'paltan1']",True,False,yercac1
28212,yercac1-XC245489-3,3,/kaggle/input/birdclef-2025/train_audio/yercac1/XC245489.ogg,yercac1,"['cargra1', 'grasal4']",True,False,yercac1
28212,yercac1-XC245489-4,4,/kaggle/input/birdclef-2025/train_audio/yercac1/XC245489.ogg,yercac1,"['cargra1', 'grasal4']",True,False,yercac1
28212,yercac1-XC245489-6,6,/kaggle/input/birdclef-2025/train_audio/yercac1/XC245489.ogg,yercac1,"['cargra1', 'grasal4']",True,False,yercac1
28212,yercac1-XC245489-9,9,/kaggle/input/birdclef-2025/train_audio/yercac1/XC245489.ogg,yercac1,"['cargra1', 'grasal4']",True,False,yercac1
28212,yercac1-XC245489-16,16,/kaggle/input/birdclef-2025/train_audio/yercac1/XC245489.ogg,yercac1,"['cargra1', 'grasal4']",True,False,yercac1
28212,yercac1-XC245489-21,21,/kaggle/input/birdclef-2025/train_audio/yercac1/XC245489.ogg,yercac1,"['cargra1', 'grasal4']",True,False,yercac1
28213,yercac1-XC245490-34,34,/kaggle/input/birdclef-2025/train_audio/yercac1/XC245490.ogg,yercac1,"['cotfly1', 'pirfly1', 'yebela1', 'cargra1', 'grasal4', 'trokin', 'grekis']",False,True,trokin
28213,yercac1-XC245490-35,35,/kaggle/input/birdclef-2025/train_audio/yercac1/XC245490.ogg,yercac1,"['cotfly1', 'pirfly1', 'yebela1', 'cargra1', 'grasal4', 'trokin', 'grekis']",True,False,yercac1
28213,yercac1-XC245490-37,37,/kaggle/input/birdclef-2025/train_audio/yercac1/XC245490.ogg,yercac1,"['cotfly1', 'pirfly1', 'yebela1', 'cargra1', 'grasal4', 'trokin', 'grekis']",True,False,yercac1
28213,yercac1-XC245490-55,55,/kaggle/input/birdclef-2025/train_audio/yercac1/XC245490.ogg,yercac1,"['cotfly1', 'pirfly1', 'yebela1', 'cargra1', 'grasal4', 'trokin', 'grekis']",True,False,yercac1
28213,yercac1-XC245490-147,147,/kaggle/input/birdclef-2025/train_audio/yercac1/XC245490.ogg,yercac1,"['cotfly1', 'pirfly1', 'yebela1', 'cargra1', 'grasal4', 'trokin', 'grekis']",True,False,yercac1
28220,yercac1-XC254035-18,18,/kaggle/input/birdclef-2025/train_audio/yercac1/XC254035.ogg,yercac1,['grekis'],False,True,grekis
28226,yercac1-XC259949-2,2,/kaggle/input/birdclef-2025/train_audio/yercac1/XC259949.ogg,yercac1,[''],True,False,yercac1
28259,yercac1-XC356906-0,0,/kaggle/input/birdclef-2025/train_audio/yercac1/XC356906.ogg,yercac1,['greani1'],True,False,yercac1
28280,yercac1-XC431673-1,1,/kaggle/input/birdclef-2025/train_audio/yercac1/XC431673.ogg,yercac1,[''],True,False,yercac1
28281,yercac1-XC436790-2,2,/kaggle/input/birdclef-2025/train_audio/yercac1/XC436790.ogg,yercac1,[''],True,False,yercac1
28288,yercac1-XC446946-1,1,/kaggle/input/birdclef-2025/train_audio/yercac1/XC446946.ogg,yercac1,['creoro1'],False,True,creoro1
28293,yercac1-XC474916-0,0,/kaggle/input/birdclef-2025/train_audio/yercac1/XC474916.ogg,yercac1,[''],True,False,yercac1
28293,yercac1-XC474916-2,2,/kaggle/input/birdclef-2025/train_audio/yercac1/XC474916.ogg,yercac1,[''],True,False,yercac1
28294,yercac1-XC478562-1,1,/kaggle/input/birdclef-2025/train_audio/yercac1/XC478562.ogg,yercac1,[''],True,False,yercac1
28294,yercac1-XC478562-6,6,/kaggle/input/birdclef-2025/train_audio/yercac1/XC478562.ogg,yercac1,[''],True,False,yercac1
28299,yercac1-XC486982-5,5,/kaggle/input/birdclef-2025/train_audio/yercac1/XC486982.ogg,yercac1,[''],True,False,yercac1
28299,yercac1-XC486982-14,14,/kaggle/input/birdclef-2025/train_audio/yercac1/XC486982.ogg,yercac1,[''],True,False,yercac1
28305,yercac1-XC518223-2,2,/kaggle/input/birdclef-2025/train_audio/yercac1/XC518223.ogg,yercac1,[''],True,False,yercac1
28306,yercac1-XC524933-20,20,/kaggle/input/birdclef-2025/train_audio/yercac1/XC524933.ogg,yercac1,[''],True,False,yercac1
28306,yercac1-XC524933-22,22,/kaggle/input/birdclef-2025/train_audio/yercac1/XC524933.ogg,yercac1,[''],True,False,yercac1
28306,yercac1-XC524933-41,41,/kaggle/input/birdclef-2025/train_audio/yercac1/XC524933.ogg,yercac1,[''],True,False,yercac1
28309,yercac1-XC525488-0,0,/kaggle/input/birdclef-2025/train_audio/yercac1/XC525488.ogg,yercac1,[''],True,False,yercac1
28319,yercac1-XC580197-0,0,/kaggle/input/birdclef-2025/train_audio/yercac1/XC580197.ogg,yercac1,[''],True,False,yercac1
28319,yercac1-XC580197-1,1,/kaggle/input/birdclef-2025/train_audio/yercac1/XC580197.ogg,yercac1,[''],True,False,yercac1
28324,yercac1-XC59784-6,6,/kaggle/input/birdclef-2025/train_audio/yercac1/XC59784.ogg,yercac1,[''],True,False,yercac1
28324,yercac1-XC59784-7,7,/kaggle/input/birdclef-2025/train_audio/yercac1/XC59784.ogg,yercac1,[''],True,False,yercac1
28334,yercac1-XC65977-3,3,/kaggle/input/birdclef-2025/train_audio/yercac1/XC65977.ogg,yercac1,"['yebela1', 'whtdov', 'bugtan', 'rumfly1']",True,False,yercac1
28334,yercac1-XC65977-9,9,/kaggle/input/birdclef-2025/train_audio/yercac1/XC65977.ogg,yercac1,"['yebela1', 'whtdov', 'bugtan', 'rumfly1']",True,False,yercac1
28334,yercac1-XC65977-17,17,/kaggle/input/birdclef-2025/train_audio/yercac1/XC65977.ogg,yercac1,"['yebela1', 'whtdov', 'bugtan', 'rumfly1']",True,False,yercac1
28336,yercac1-XC661847-0,0,/kaggle/input/birdclef-2025/train_audio/yercac1/XC661847.ogg,yercac1,['grekis'],False,True,grekis
28355,yercac1-XC711055-3,3,/kaggle/input/birdclef-2025/train_audio/yercac1/XC711055.ogg,yercac1,[''],True,False,yercac1
28396,yercac1-XC9294-0,0,/kaggle/input/birdclef-2025/train_audio/yercac1/XC9294.ogg,yercac1,[''],True,False,yercac1
28396,yercac1-XC9294-1,1,/kaggle/input/birdclef-2025/train_audio/yercac1/XC9294.ogg,yercac1,[''],True,False,yercac1
28397,yercac1-XC9295-2,2,/kaggle/input/birdclef-2025/train_audio/yercac1/XC9295.ogg,yercac1,[''],True,False,yercac1
